id,Player,Pos,Ht,Wt,Birth Date,Birth,College
1,Dominick Barlow,SF,6-9,221,"May 26, 2003",us US,
2,Bogdan Bogdanovic,SG,6-5,220,"August 18, 1992",rs RS,
3,Kobe Bufkin,SG,6-4,195,"September 21, 2003",us US,Michigan
4,Clint Capela,C,6-10,240,"May 18, 1994",ch CH,
5,Dyson Daniels,SG,6-8,199,"March 17, 2003",au AU,
6,Mouhamed Gueye,PF,6-11,210,"November 9, 2002",sn SN,Washington State
7,De'Andre Hunter,SF,6-8,225,"December 2, 1997",us US,Virginia
8,Jalen Johnson,SF,6-9,220,"December 18, 2001",us US,Duke
9,Vit Krejci,PG,6-8,195,"June 19, 2000",cz CZ,
10,Caris LeVert,SG,6-6,205,"August 25, 1994",us US,Michigan
11,Terance Mann,SG,6-5,215,"October 18, 1996",us US,Florida State
12,Garrison Mathews,SG,6-5,215,"October 24, 1996",us US,Lipscomb
13,Larry Nance Jr.,PF,6-8,245,"January 1, 1993",us US,Wyoming
14,Georges Niang,PF,6-7,230,"June 17, 1993",us US,Iowa State
15,Onyeka Okongwu,C,6-8,235,"December 11, 2000",us US,USC
16,Daeqwon Plowden,SG,6-6,215,"August 29, 1998",us US,Bowling Green
17,Zaccharie Risacher,SF,6-8,200,"April 8, 2005",es ES,
18,David Roddy,PF,6-4,255,"March 27, 2001",us US,Colorado State
19,Jacob Toppin,SF,6-9,205,"May 8, 2000",us US,"Rhode Island, Kentucky"
20,Keaton Wallace,PG,6-3,195,"February 26, 1999",us US,Texas-San Antonio
21,Trae Young,PG,6-1,164,"September 19, 1998",us US,Oklahoma
22,Saddiq Bey,SF,6-7,215,"April 9, 1999",us US,Villanova
23,Bruno Fernando,C,6-9,240,"August 15, 1998",ao AO,Maryland
24,Trent Forrest,SG,6-4,210,"June 12, 1998",us US,Florida State
25,AJ Griffin,SF,6-6,222,"August 25, 2003",us US,Duke
26,Seth Lundy,SF,6-6,220,"April 2, 2000",us US,Penn State
27,Wesley Matthews,SG,6-5,220,"October 14, 1986",us US,Marquette
28,Patty Mills,PG,6-2,180,"August 11, 1988",au AU,Saint Mary's
29,Dejounte Murray,SG,6-5,180,"September 19, 1996",us US,Washington
30,Dylan Windler,SF,6-6,196,"September 22, 1996",us US,Belmont
31,John Collins,PF,6-9,235,"September 23, 1997",us US,Wake Forest
32,Jarrett Culver,SF,6-6,195,"February 20, 1999",us US,Texas Tech
33,Aaron Holiday,PG,6-0,185,"September 30, 1996",us US,UCLA
34,Justin Holiday,SF,6-6,180,"April 5, 1989",us US,Washington
35,Frank Kaminsky,C,7-0,240,"April 4, 1993",us US,Wisconsin
36,Tyrese Martin,SG,6-6,215,"March 7, 1999",us US,"Rhode Island, UConn"
37,Donovan Williams,SG,6-6,190,"September 6, 2001",us US,"Texas, UNLV"
38,Cat Barber,PG,6-2,190,"July 25, 1994",us US,NC State
39,Chaundee Brown Jr.,SG,6-5,215,"December 4, 1998",us US,"Wake Forest, Michigan"
40,Sharife Cooper,PG,6-1,180,"June 11, 2001",us US,Auburn
41,Gorgui Dieng,C,6-10,252,"January 18, 1990",sn SN,Louisville
42,Danilo Gallinari,PF,6-10,233,"August 8, 1988",it IT,
43,Malcolm Hill,SG,6-6,220,"October 26, 1995",us US,Illinois
44,Solomon Hill,SF,6-6,226,"March 18, 1991",us US,Arizona
45,Kevin Huerter,SF,6-7,190,"August 27, 1998",us US,Maryland
46,Wes Iwundu,SF,6-6,195,"December 20, 1994",us US,Kansas State
47,Kevin Knox,SF,6-7,215,"August 11, 1999",us US,Kentucky
48,Timothe Luwawu-Cabarrot,SF,6-7,220,"May 9, 1995",fr FR,
49,Skylar Mays,SG,6-4,205,"September 5, 1997",us US,LSU
50,Cameron Oliver,SF,6-8,239,"July 11, 1996",us US,Nevada
51,Cam Reddish,SF,6-8,218,"September 1, 1999",us US,Duke
52,Lance Stephenson,SG,6-6,230,"September 5, 1990",us US,Cincinnati
53,Lou Williams,PG,6-2,175,"October 27, 1986",us US,
54,Delon Wright,SG,6-5,185,"April 26, 1992",us US,Utah
55,Kris Dunn,PG,6-3,205,"March 18, 1994",us US,Providence
56,Brandon Goodwin,PG,6-0,180,"October 2, 1995",us US,"Central Florida, Florida Gulf Coast"
57,Nathan Knight,PF,6-8,253,"September 20, 1997",us US,William & Mary
58,Rajon Rondo,PG,6-1,180,"February 22, 1986",us US,Kentucky
59,Tony Snell,SG,6-6,213,"November 10, 1991",us US,New Mexico
60,DeAndre' Bembry,SG,6-5,210,"July 4, 1994",us US,Saint Joseph's
61,Charlie Brown Jr.,SG,6-6,199,"February 2, 1997",us US,Saint Joseph's
62,Vince Carter,PF,6-6,220,"January 26, 1977",us US,UNC
63,Allen Crabbe,SG,6-5,212,"April 9, 1992",us US,California
64,Dewayne Dedmon,C,7-0,245,"August 12, 1989",us US,USC
65,Treveon Graham,SF,6-5,219,"October 28, 1993",us US,VCU
66,Damian Jones,C,6-11,245,"June 30, 1995",us US,Vanderbilt
67,Alex Len,C,7-0,250,"June 16, 1993",ua UA,Maryland
68,Jabari Parker,PF,6-8,245,"March 15, 1995",us US,Duke
69,Chandler Parsons,PF,6-9,230,"October 25, 1988",us US,Florida
70,Jeff Teague,PG,6-3,195,"June 10, 1988",us US,Wake Forest
71,Evan Turner,SG,6-6,220,"October 27, 1988",us US,Ohio State
72,Tyrone Wallace,SG,6-5,198,"June 10, 1994",us US,California
73,Paul Watson,SF,6-6,210,"December 30, 1994",us US,Fresno State
74,Jaylen Adams,PG,6-0,225,"May 4, 1996",us US,St. Bonaventure
75,Justin Anderson,SF,6-6,230,"November 19, 1993",us US,Virginia
76,Kent Bazemore,SG,6-4,195,"July 1, 1989",us US,Old Dominion
77,Deyonta Davis,C,6-11,237,"December 2, 1996",us US,Michigan State
78,Tyler Dorsey,SG,6-5,183,"February 18, 1996",us US,Oregon
79,Daniel Hamilton,SG,6-7,195,"August 8, 1995",us US,UConn
80,Isaac Humphries,C,7-0,255,"January 5, 1998",au AU,Kentucky
81,B.J. Johnson,SF,6-7,200,"December 21, 1995",us US,"Syracuse, La Salle"
82,Jeremy Lin,PG,6-3,200,"August 23, 1988",us US,Harvard University
83,Miles Plumlee,C,6-11,249,"September 1, 1988",us US,Duke
84,Alex Poythress,PF,6-9,235,"September 6, 1993",us US,Kentucky
85,Taurean Prince,SF,6-6,218,"March 22, 1994",us US,Baylor
86,Jordan Sibert,SG,6-4,187,"August 1, 1992",us US,"Ohio State, Dayton"
87,Omari Spellman,PF,6-8,245,"July 21, 1997",us US,Villanova
88,Tyler Zeller,C,7-0,253,"January 17, 1990",us US,UNC
89,Jaylen Brown,SF,6-6,223,"October 24, 1996",us US,California
90,Torrey Craig,SF,6-7,221,"December 19, 1990",us US,USC Upstate
91,JD Davison,PG,6-1,195,"October 3, 2002",us US,Alabama
92,Sam Hauser,PF,6-8,215,"December 8, 1997",us US,"Marquette, Virginia"
93,Jrue Holiday,PG,6-4,205,"June 12, 1990",us US,UCLA
94,Al Horford,C,6-9,240,"June 3, 1986",do DO,Florida
95,Luke Kornet,C,7-2,250,"July 15, 1995",us US,Vanderbilt
96,Miles Norris,PF,6-10,220,"April 15, 2000",us US,"Oregon, City College of San Francisco, UC Santa Barbara"
97,Drew Peterson,PF,6-9,205,"November 9, 1999",us US,"Rice University, USC"
98,Kristaps Porzingis,C,7-2,240,"August 2, 1995",lv LV,
99,Payton Pritchard,PG,6-1,195,"January 28, 1998",us US,Oregon
100,Neemias Queta,C,7-0,245,"July 13, 1999",pt PT,Utah State University
101,Baylor Scheierman,SG,6-6,205,"September 26, 2000",us US,"South Dakota State, Creighton"
102,Jaden Springer,SG,6-4,204,"September 25, 2002",us US,Tennessee
103,Jayson Tatum,PF,6-8,210,"March 3, 1998",us US,Duke
104,Xavier Tillman Sr.,C,6-8,245,"January 12, 1999",us US,Michigan State
105,Jordan Walsh,PF,6-7,205,"March 3, 2004",us US,Arkansas
106,Derrick White,SG,6-4,190,"July 2, 1994",us US,"Colorado-Colorado Springs, Colorado"
107,Dalano Banton,PG,6-9,204,"November 7, 1999",ca CA,Nebraska
108,Oshae Brissett,SF,6-7,210,"June 20, 1998",ca CA,Syracuse
109,Svi Mykhailiuk,SF,6-7,205,"June 10, 1997",ua UA,Kansas
110,Lamar Stevens,PF,6-6,230,"July 9, 1997",us US,Penn State
111,Malcolm Brogdon,PG,6-4,229,"December 11, 1992",us US,Virginia
112,Justin Champagnie,SF,6-6,200,"June 29, 2001",us US,Pitt
113,Blake Griffin,C,6-9,250,"March 16, 1989",us US,Oklahoma
114,Justin Jackson,SF,6-8,220,"March 28, 1995",us US,UNC
115,Mfiondu Kabengele,PF,6-9,250,"August 14, 1997",ca CA,Florida State
116,Mike Muscala,C,6-10,240,"July 1, 1991",us US,Bucknell
117,Marcus Smart,PG,6-3,220,"March 6, 1994",us US,Oklahoma State
118,Noah Vonleh,C,6-10,257,"August 24, 1995",us US,Indiana
119,Grant Williams,PF,6-6,236,"November 30, 1998",us US,Tennessee
120,Robert Williams,C,6-9,237,"October 17, 1997",us US,Texas A&M
121,Malik Fitts,PF,6-8,230,"July 4, 1997",us US,"South Florida, Saint Mary's"
122,Enes Freedom,C,6-10,250,"May 20, 1992",ch CH,Kentucky
123,Juancho Hernangomez,PF,6-9,214,"September 28, 1995",es ES,
124,Joe Johnson,SG,6-7,240,"June 29, 1981",us US,Arkansas
125,Romeo Langford,SG,6-5,216,"October 25, 1999",us US,Indiana
126,Kelan Martin,SF,6-5,230,"August 3, 1995",us US,Butler
127,C.J. Miles,SG,6-6,220,"March 18, 1987",us US,
128,Juwan Morgan,PF,6-7,232,"April 17, 1997",us US,Indiana
129,Aaron Nesmith,SF,6-5,215,"October 16, 1999",us US,Vanderbilt
130,Josh Richardson,SG,6-5,200,"September 15, 1993",us US,Tennessee
131,Matt Ryan,SF,6-6,215,"April 17, 1997",us US,"Notre Dame, Vanderbilt, Chattanooga"
132,Dennis Schroder,PG,6-1,172,"September 15, 1993",de DE,
133,Nik Stauskas,SG,6-6,205,"October 7, 1993",ca CA,Michigan
134,Daniel Theis,C,6-8,245,"April 4, 1992",de DE,
135,Brodric Thomas,SG,6-5,185,"January 28, 1997",us US,Truman State University
136,Carsen Edwards,SG,5-11,200,"March 12, 1998",us US,Purdue
137,Tacko Fall,C,7-6,311,"December 10, 1995",sn SN,Central Florida
138,Evan Fournier,SF,6-6,205,"October 29, 1992",fr FR,
139,Javonte Green,SF,6-4,205,"July 23, 1993",us US,Radford
140,Semi Ojeleye,PF,6-6,240,"December 5, 1994",us US,"Duke, SMU"
141,Tristan Thompson,C,6-9,254,"March 13, 1991",ca CA,Texas
142,Moritz Wagner,C,6-11,245,"April 26, 1997",de DE,Michigan
143,Kemba Walker,PG,6-0,184,"May 8, 1990",us US,UConn
144,Tremont Waters,PG,5-10,175,"January 10, 1998",us US,LSU
145,Gordon Hayward,SF,6-7,225,"March 23, 1990",us US,Butler
146,Vincent Poirier,C,7-0,235,"October 17, 1993",fr FR,
147,Brad Wanamaker,PG,6-3,210,"July 25, 1989",us US,Pitt
148,Aron Baynes,C,6-10,260,"December 9, 1986",nz NZ,Washington State
149,PJ Dozier,SG,6-6,205,"October 25, 1996",us US,South Carolina
150,R.J. Hunter,SG,6-5,185,"October 24, 1993",us US,Georgia State University
151,Kyrie Irving,PG,6-2,195,"March 23, 1992",au AU,Duke
152,Greg Monroe,C,6-11,265,"June 4, 1990",us US,Georgetown
153,Marcus Morris,PF,6-8,218,"September 2, 1989",us US,Kansas
154,Terry Rozier,PG,6-1,190,"March 17, 1994",us US,Louisville
155,Guerschon Yabusele,PF,6-8,260,"December 17, 1995",fr FR,
156,Reece Beekman,PG,6-1,190,"October 8, 2001",us US,Virginia
157,Nic Claxton,C,6-11,215,"April 17, 1999",us US,Georgia
158,Noah Clowney,PF,6-10,210,"July 14, 2004",us US,Alabama
159,Cui Yongxi,SG,6-6,190,"May 28, 2003",cn CN,
160,Tyson Etienne,PG,6-2,203,"September 17, 1999",us US,Wichita State
161,Tosan Evbuomwan,SF,6-8,219,"February 16, 2001",uk UK,Princeton
162,Dorian Finney-Smith,PF,6-7,220,"May 4, 1993",us US,Florida
163,Killian Hayes,PG,6-5,195,"July 27, 2001",us US,
164,Cameron Johnson,PF,6-8,210,"March 3, 1996",us US,"Pitt, UNC"
165,Keon Johnson,SG,6-5,186,"March 10, 2002",us US,Tennessee
166,Maxwell Lewis,SF,6-7,195,"July 27, 2002",us US,Pepperdine
167,Jaylen Martin,SF,6-6,216,"January 28, 2004",us US,
168,Dariq Whitehead,SF,6-7,220,"August 1, 2004",us US,Duke
169,Shake Milton,SG,6-5,205,"September 26, 1996",us US,SMU
170,D'Angelo Russell,PG,6-3,193,"February 23, 1996",us US,Ohio State
171,Day'Ron Sharpe,C,6-11,265,"November 6, 2001",us US,UNC
172,Ben Simmons,PG,6-10,240,"July 20, 1996",au AU,LSU
173,Cam Thomas,SG,6-4,210,"October 13, 2001",jp JP,LSU
174,Drew Timme,PF,6-10,235,"September 9, 2000",us US,Gonzaga
175,Trendon Watford,PF,6-9,240,"November 9, 2000",us US,LSU
176,Ziaire Williams,SF,6-9,215,"September 12, 2001",us US,Stanford
177,Jalen Wilson,PF,6-8,225,"November 4, 2000",us US,Kansas
178,Keita Bates-Diop,SF,6-8,229,"January 23, 1996",us US,Ohio State
179,Mikal Bridges,SF,6-6,209,"August 30, 1996",us US,Villanova
180,Armoni Brooks,PG,6-3,195,"June 5, 1998",us US,Houston
181,Spencer Dinwiddie,PG,6-5,215,"April 6, 1993",us US,Colorado
182,Harry Giles,C,6-11,240,"April 22, 1998",us US,Duke
183,Jacob Gilyard,PG,5-9,160,"July 14, 1998",us US,Richmond
184,Royce O'Neale,SF,6-4,226,"June 5, 1993",us US,"Denver, Baylor"
185,Dennis Smith Jr.,PG,6-2,205,"November 25, 1997",us US,NC State
186,Lonnie Walker IV,SG,6-4,204,"December 14, 1998",us US,Miami (FL)
187,Moses Brown,C,7-2,245,"October 13, 1999",us US,UCLA
188,Seth Curry,SG,6-1,185,"August 23, 1990",us US,"Liberty, Duke"
189,David Duke Jr.,SG,6-5,205,"October 13, 1999",us US,Providence
190,Kevin Durant,PF,6-11,240,"September 29, 1988",us US,Texas
191,Kessler Edwards,SF,6-8,215,"August 9, 2000",us US,Pepperdine
192,RaiQuan Gray,PF,6-8,260,"July 7, 1999",us US,Florida State
193,Joe Harris,SF,6-6,220,"September 6, 1991",us US,Virginia
194,Markieff Morris,PF,6-9,245,"September 2, 1989",us US,Kansas
195,Nerlens Noel,C,6-10,220,"April 10, 1994",us US,Kentucky
196,Dru Smith,SG,6-3,203,"December 30, 1997",us US,"University of Evansville, Missouri"
197,Edmond Sumner,SG,6-4,196,"December 31, 1995",us US,Xavier
198,T.J. Warren,PF,6-8,220,"September 5, 1993",us US,NC State
199,Yuta Watanabe,SF,6-9,215,"October 13, 1994",jp JP,George Washington
200,Alondes Williams,SG,6-4,210,"June 19, 1999",us US,"Triton College, Oklahoma, Wake Forest"
201,LaMarcus Aldridge,C,6-11,250,"July 19, 1985",us US,Texas
202,Bruce Brown,SF,6-4,202,"August 15, 1996",us US,Miami (FL)
203,Jevon Carter,PG,6-1,200,"September 14, 1995",us US,West Virginia
204,Goran Dragic,PG,6-4,190,"May 6, 1986",si SI,
205,Andre Drummond,C,6-11,279,"August 10, 1993",us US,UConn
206,James Ennis III,SF,6-6,215,"July 1, 1990",us US,Cal State Long Beach
207,Wenyen Gabriel,PF,6-9,205,"March 26, 1997",sd SD,Kentucky
208,Langston Galloway,SG,6-1,200,"December 9, 1991",us US,Saint Joseph's
209,James Harden,PG,6-5,220,"August 26, 1989",us US,Arizona State
210,Shaquille Harrison,SG,6-4,190,"October 6, 1993",us US,Tulsa
211,James Johnson,PF,6-7,240,"February 20, 1987",us US,Wake Forest
212,Paul Millsap,C,6-7,257,"February 10, 1985",us US,Louisiana Tech
213,Jarrett Allen,C,6-11,243,"April 21, 1998",us US,Texas
214,Chris Chiozza,PG,5-11,175,"November 21, 1995",us US,Florida
215,Tyler Cook,PF,6-8,255,"September 23, 1997",us US,Iowa
216,Jeff Green,PF,6-8,235,"August 28, 1986",us US,Georgetown
217,Mike James,PG,6-1,189,"August 18, 1990",us US,Lamar
218,Alize Johnson,PF,6-7,212,"April 22, 1996",us US,"Frank Phillips College, Missouri State"
219,Tyler Johnson,SG,6-3,186,"May 7, 1992",us US,Fresno State
220,DeAndre Jordan,C,6-11,265,"July 21, 1988",us US,Texas A&M
221,Rodions Kurucs,PF,6-9,228,"February 5, 1998",lv LV,
222,Norvel Pelle,C,6-10,231,"February 3, 1993",ag AG,
223,Reggie Perry,PF,6-8,250,"March 21, 2000",us US,Mississippi State
224,Andre Roberson,SG,6-7,210,"December 4, 1991",us US,Colorado
225,Landry Shamet,SG,6-4,190,"March 13, 1997",us US,Wichita State
226,Iman Shumpert,SG,6-5,215,"June 26, 1990",us US,Georgia Tech
227,Wilson Chandler,PF,6-8,235,"May 10, 1987",us US,DePaul
228,Jamal Crawford,SG,6-5,185,"March 20, 1980",us US,Michigan
229,Henry Ellenson,C,6-10,240,"January 13, 1997",us US,Marquette
230,Donta Hall,C,6-9,232,"August 7, 1997",us US,Alabama
231,Jeremiah Martin,PG,6-3,185,"June 19, 1996",us US,Memphis
232,Dzanan Musa,SF,6-9,217,"May 8, 1999",ba BA,
233,David Nwaba,SF,6-5,219,"January 14, 1993",us US,Cal Poly
234,Theo Pinson,SG,6-5,212,"November 5, 1995",us US,UNC
235,Garrett Temple,SG,6-5,195,"May 8, 1986",us US,LSU
236,Lance Thomas,PF,6-8,240,"April 24, 1988",us US,Duke
237,DeMarre Carroll,PF,6-6,215,"July 27, 1986",us US,"Vanderbilt, Missouri"
238,Mitch Creek,SF,6-5,216,"April 27, 1992",au AU,
239,Ed Davis,C,6-9,218,"June 5, 1989",us US,UNC
240,Jared Dudley,PF,6-6,237,"July 10, 1985",us US,Boston College
241,Kenneth Faried,C,6-8,220,"November 19, 1989",us US,Morehead State University
242,Rondae Hollis-Jefferson,SF,6-6,217,"January 3, 1995",us US,Arizona
243,Tahjere McCall,SG,6-5,195,"August 17, 1994",us US,Tennessee State
244,Shabazz Napier,PG,6-0,175,"July 14, 1991",us US,UConn
245,Alan Williams,PF,6-8,265,"January 28, 1993",us US,UC Santa Barbara
246,LaMelo Ball,PG,6-7,180,"August 22, 2001",us US,
247,Damion Baugh,SG,6-4,194,"August 3, 2000",us US,"Memphis, TCU"
248,Miles Bridges,PF,6-7,225,"March 21, 1998",us US,Michigan State
249,Moussa Diabate,C,6-11,210,"January 21, 2002",fr FR,Michigan
250,Malachi Flynn,PG,6-1,175,"May 10, 1998",us US,"Washington State, San Diego State"
251,Marcus Garrett,SG,6-5,205,"November 9, 1998",us US,Kansas
252,Taj Gibson,C,6-9,232,"June 24, 1985",us US,USC
253,Josh Green,SG,6-5,200,"November 16, 2000",au AU,Arizona
254,DaQuan Jeffries,SG,6-5,230,"August 30, 1997",us US,"Oral Roberts, Tulsa"
255,Tre Mann,PG,6-3,178,"February 3, 2001",us US,Florida
256,Cody Martin,SF,6-5,205,"September 28, 1995",us US,"NC State, Nevada"
257,Vasilije Micic,PG,6-5,200,"January 13, 1994",rs RS,
258,Brandon Miller,SF,6-9,201,"November 22, 2002",us US,Alabama
259,Wendell Moore Jr.,SG,6-5,213,"September 18, 2001",us US,Duke
260,Jusuf Nurkic,C,7-0,290,"August 23, 1994",ba BA,
261,Josh Okogie,SG,6-4,213,"September 1, 1998",ng NG,Georgia Tech
262,Elfrid Payton,PG,6-3,195,"February 22, 1994",us US,Louisiana
263,Jared Rhoden,SG,6-6,210,"August 27, 1999",us US,Seton Hall
264,Nick Richards,C,7-0,245,"November 29, 1997",jm JM,Kentucky
265,Tidjane Salaun,PF,6-9,207,"August 10, 2005",fr FR,
266,KJ Simpson,PG,6-0,189,"August 8, 2002",us US,Colorado
267,Jaylen Sims,SG,6-6,195,"December 11, 1998",us US,UNC Wilmington
268,Nick Smith Jr.,SG,6-2,185,"April 18, 2004",us US,Arkansas
269,Mark Williams,C,7-0,241,"December 16, 2001",us US,Duke
270,Isaiah Wong,SG,6-4,184,"January 28, 2001",us US,Miami (FL)
271,Amari Bailey,PG,6-5,185,"February 17, 2004",us US,UCLA
272,Davis Bertans,PF,6-10,225,"November 12, 1992",lv LV,
273,Leaky Black,SF,6-9,205,"June 14, 1999",us US,UNC
274,Marques Bolden,C,6-10,249,"April 17, 1998",us US,Duke
275,James Bouknight,SG,6-5,190,"September 18, 2000",us US,UConn
276,Theo Maledon,PG,6-4,175,"June 12, 2001",fr FR,
277,Bryce McGowens,SG,6-7,179,"November 8, 2002",us US,Nebraska
278,Nathan Mensah,C,6-8,230,"April 9, 1998",gh GH,San Diego State
279,Frank Ntilikina,PG,6-4,200,"July 28, 1998",be BE,
280,Aleksej Pokusevski,PF,7-0,190,"December 26, 2001",rs RS,
281,Ish Smith,PG,6-0,175,"July 5, 1988",us US,Wake Forest
282,JT Thor,PF,6-10,205,"August 26, 2002",us US,Auburn
283,P.J. Washington,PF,6-7,230,"August 23, 1998",us US,Kentucky
284,Kai Jones,C,6-11,218,"January 19, 2001",bs BS,Texas
285,Jalen McDaniels,SF,6-9,205,"January 31, 1998",us US,San Diego State
286,Kelly Oubre Jr.,SF,6-8,203,"December 9, 1995",us US,Kansas
287,Mason Plumlee,C,6-10,254,"March 5, 1990",us US,Duke
288,Kobi Simmons,SG,6-5,166,"July 4, 1997",us US,Arizona
289,Xavier Sneed,SF,6-5,215,"December 21, 1997",us US,Kansas State
290,Vernon Carey Jr.,C,6-9,270,"February 25, 2001",us US,Duke
291,Montrezl Harrell,C,6-7,240,"January 26, 1994",us US,Louisville
292,Arnoldas Kulboka,SF,6-9,198,"January 4, 1998",lt LT,
293,Scottie Lewis,SG,6-5,189,"March 12, 2000",us US,Florida
294,Isaiah Thomas,PG,5-9,185,"February 7, 1989",us US,Washington
295,Bismack Biyombo,C,6-8,255,"August 28, 1992",cd CD,
296,Nate Darling,SG,6-6,200,"August 30, 1998",ca CA,"UAB, University of Delaware"
297,Devonte' Graham,PG,6-1,195,"February 22, 1995",us US,Kansas
298,Caleb Martin,SF,6-5,205,"September 28, 1995",us US,"NC State, Nevada"
299,Malik Monk,SG,6-3,200,"February 4, 1998",us US,Kentucky
300,Grant Riller,PG,6-2,190,"February 8, 1997",us US,College of Charleston
301,Cody Zeller,C,6-11,240,"October 5, 1992",us US,Indiana
302,Dwayne Bacon,SG,6-6,221,"August 30, 1995",us US,Florida State
303,Nicolas Batum,SF,6-8,230,"December 14, 1988",fr FR,
304,Joe Chealey,PG,6-3,190,"November 1, 1995",us US,College of Charleston
305,Willy Hernangomez,C,6-11,250,"May 27, 1994",es ES,
306,Michael Kidd-Gilchrist,PF,6-6,232,"September 26, 1993",us US,Kentucky
307,Marvin Williams,PF,6-8,237,"June 19, 1986",us US,UNC
308,Jeremy Lamb,SG,6-5,180,"May 30, 1992",us US,UConn
309,Shelvin Mack,PG,6-3,203,"April 22, 1990",us US,Butler
310,J.P. Macura,SG,6-5,203,"June 5, 1995",us US,Xavier
311,Tony Parker,PG,6-2,185,"May 17, 1982",be BE,
312,Lonzo Ball,PG,6-6,190,"October 27, 1997",us US,UCLA
313,Matas Buzelis,SF,6-10,209,"October 13, 2004",us US,
314,Zach Collins,PF,6-11,250,"November 19, 1997",us US,Gonzaga
315,Ayo Dosunmu,SG,6-5,200,"January 17, 2000",us US,Illinois
316,Chris Duarte,SG,6-6,190,"June 13, 1997",do DO,Oregon
317,Josh Giddey,PG,6-8,210,"October 10, 2002",au AU,
318,Talen Horton-Tucker,SG,6-4,234,"November 25, 2000",us US,Iowa State
319,Tre Jones,PG,6-1,185,"January 8, 2000",us US,Duke
320,Zach LaVine,SF,6-5,200,"March 10, 1995",us US,UCLA
321,E.J. Liddell,PF,6-7,240,"December 18, 2000",us US,Ohio State
322,Emanuel Miller,PF,6-7,215,"June 19, 2000",ca CA,"Texas A&M, TCU"
323,Julian Phillips,SF,6-8,198,"November 5, 2003",us US,Tennessee
324,Adama Sanogo,C,6-9,245,"February 12, 2002",ml ML,UConn
325,Jalen Smith,C,6-10,215,"March 16, 2000",us US,Maryland
326,Dalen Terry,SG,6-7,195,"July 12, 2002",us US,Arizona
327,Nikola Vucevic,C,6-10,260,"October 24, 1990",ch CH,USC
328,Coby White,SG,6-5,195,"February 16, 2000",us US,UNC
329,Patrick Williams,PF,6-7,215,"August 26, 2001",us US,Florida State
330,Jahmir Young,PG,6-2,185,"October 7, 2000",us US,"UNC Charlotte, Maryland"
331,Onuralp Bitim,SG,6-6,215,"March 31, 1999",tr TR,
332,Alex Caruso,SG,6-5,186,"February 28, 1994",us US,Texas A&M
333,DeMar DeRozan,SF,6-6,220,"August 7, 1989",us US,USC
334,Henri Drell,SF,6-9,187,"April 25, 2000",ee EE,
335,Andrew Funk,SG,6-5,200,"September 21, 1999",us US,"Bucknell, Penn State"
336,Terry Taylor,PF,6-5,230,"September 23, 1999",us US,Austin Peay State University
337,Patrick Beverley,PG,6-2,180,"July 12, 1988",us US,Arkansas
338,Tony Bradley,C,6-10,248,"January 8, 1998",us US,UNC
339,Carlik Jones,PG,6-1,185,"December 23, 1997",us US,"Radford, Louisville"
340,Derrick Jones Jr.,PF,6-5,210,"February 15, 1997",us US,UNLV
341,Marko Simonovic,C,6-11,216,"October 15, 1999",me ME,
342,Jordan Bell,C,6-8,216,"January 7, 1995",us US,Oregon
343,Troy Brown Jr.,SF,6-6,215,"July 28, 1999",us US,Oregon
344,Devon Dotson,PG,6-2,185,"August 2, 1999",us US,Kansas
345,Mac McClung,PG,6-2,185,"January 6, 1999",us US,"Georgetown, Texas Tech"
346,Alfonzo McKinnie,SF,6-7,215,"September 17, 1992",us US,Green Bay
347,Matt Thomas,SG,6-4,190,"August 4, 1994",us US,Iowa State
348,Al-Farouq Aminu,PF,6-8,220,"September 21, 1990",us US,Wake Forest
349,Ryan Arcidiacono,PG,6-3,195,"March 26, 1994",us US,Villanova
350,Wendell Carter Jr.,C,6-10,270,"April 16, 1999",us US,Duke
351,Cristiano Felicio,C,6-11,270,"July 7, 1992",br BR,
352,Daniel Gafford,C,6-10,234,"October 1, 1998",us US,Arkansas
353,Chandler Hutchison,SF,6-6,210,"April 26, 1996",us US,Boise State
354,Lauri Markkanen,PF,7-0,240,"May 22, 1997",fi FI,Arizona
355,Adam Mokoka,SG,6-4,190,"July 18, 1998",fr FR,
356,Otto Porter Jr.,SF,6-8,198,"June 3, 1993",us US,Georgetown
357,Tomas Satoransky,SG,6-7,210,"October 30, 1991",cz CZ,
358,Denzel Valentine,SG,6-4,220,"November 16, 1993",us US,Michigan State
359,Thaddeus Young,PF,6-8,235,"June 21, 1988",us US,Georgia Tech
360,Max Strus,SF,6-5,215,"March 28, 1996",us US,"Lewis (IL), DePaul"
361,Rawle Alkins,SG,6-5,225,"October 29, 1997",us US,Arizona
362,Antonio Blakeney,SG,6-4,192,"October 4, 1996",us US,LSU
363,Walt Lemon Jr.,PG,6-3,180,"July 26, 1992",us US,Bradley
364,Robin Lopez,C,7-1,281,"April 1, 1988",us US,Stanford
365,Cameron Payne,PG,6-3,183,"August 8, 1994",us US,Murray State
366,Bobby Portis,PF,6-10,250,"February 10, 1995",us US,Arkansas
367,Brandon Sampson,SG,6-5,184,"May 1, 1997",us US,LSU
368,JaKarr Sampson,SF,6-7,214,"March 20, 1993",us US,St. John's
369,Wayne Selden,SG,6-5,230,"September 30, 1994",us US,Kansas
370,Tyler Ulis,PG,5-10,160,"January 5, 1996",us US,Kentucky
371,Emoni Bates,SF,6-10,170,"January 28, 2004",us US,"Memphis, Eastern Michigan"
372,Darius Garland,PG,6-1,192,"January 26, 2000",us US,Vanderbilt
373,Ty Jerome,SG,6-5,195,"July 8, 1997",us US,Virginia
374,Sam Merrill,SG,6-4,205,"May 15, 1996",us US,Utah State University
375,Donovan Mitchell,SG,6-3,215,"September 7, 1996",us US,Louisville
376,Evan Mobley,PF,6-11,215,"June 18, 2001",us US,USC
377,Chuma Okeke,PF,6-6,229,"August 18, 1998",us US,Auburn
378,Isaac Okoro,SG,6-5,225,"January 26, 2001",us US,Auburn
379,Craig Porter Jr.,PG,6-2,186,"February 26, 2000",us US,"Vincennes University, Wichita State"
380,Nae'Qwan Tomlin,PF,6-10,205,"December 10, 2000",us US,"Monroe Community College, Chipola College, Kansas State, Memphis"
381,Luke Travers,SG,6-8,199,"September 3, 2001",au AU,
382,Jaylon Tyson,SG,6-6,215,"December 2, 2002",us US,"Texas, Texas Tech, California"
383,Dean Wade,PF,6-9,228,"November 20, 1996",us US,Kansas State
384,Isaiah Mobley,PF,6-8,240,"September 24, 1999",us US,USC
385,Pete Nance,PF,6-11,230,"February 19, 2000",us US,"Northwestern, UNC"
386,Mamadi Diakite,C,6-9,228,"January 21, 1997",gn GN,Virginia
387,Danny Green,SG,6-6,215,"June 22, 1987",us US,UNC
388,Kevin Love,PF,6-8,251,"September 7, 1988",us US,UCLA
389,Raul Neto,PG,6-1,180,"May 19, 1992",br BR,
390,Cedi Osman,SF,6-7,230,"April 8, 1995",mk MK,
391,Ricky Rubio,PG,6-2,190,"October 21, 1990",es ES,
392,Tim Frazier,PG,6-0,170,"November 1, 1990",us US,Penn State
393,RJ Nembhard Jr.,SG,6-5,200,"March 22, 1999",us US,TCU
394,Malik Newman,PG,6-3,190,"February 21, 1997",us US,"Mississippi State, Kansas"
395,Kevin Pangos,PG,6-2,179,"January 26, 1993",ca CA,Gonzaga
396,Tre Scott,SF,6-8,225,"November 25, 1996",us US,Cincinnati
397,Collin Sexton,SG,6-3,190,"January 4, 1999",us US,Alabama
398,Quinn Cook,PG,6-1,180,"March 23, 1993",us US,Duke
399,Matthew Dellavedova,PG,6-3,200,"September 8, 1990",au AU,Saint Mary's
400,Damyean Dotson,SG,6-5,210,"May 6, 1994",us US,"Oregon, Houston"
401,Dante Exum,SG,6-5,214,"July 13, 1995",au AU,
402,Yogi Ferrell,PG,6-0,178,"May 9, 1993",us US,Indiana
403,Isaiah Hartenstein,C,7-0,255,"May 5, 1998",us US,
404,Thon Maker,C,7-0,221,"February 25, 1997",ss SS,
405,JaVale McGee,C,7-0,270,"January 19, 1988",us US,Nevada
406,Anderson Varejao,C,6-11,273,"September 28, 1982",br BR,
407,Jordan Clarkson,SG,6-3,194,"June 7, 1992",us US,"Tulsa, Missouri"
408,John Henson,C,6-9,219,"December 28, 1990",us US,UNC
409,Brandon Knight,SG,6-2,182,"December 2, 1991",us US,Kentucky
410,Matt Mooney,SG,6-3,199,"February 7, 1996",us US,"Air Force, South Dakota, Texas Tech"
411,Kevin Porter Jr.,SF,6-4,203,"May 4, 2000",us US,USC
412,Ante Zizic,C,6-10,266,"January 4, 1997",hr HR,
413,Deng Adel,SF,6-7,200,"February 1, 1997",ss SS,Louisville
414,Jaron Blossomgame,SF,6-8,220,"September 16, 1993",us US,Clemson
415,Alec Burks,SG,6-6,214,"July 20, 1991",us US,Colorado
416,Marquese Chriss,PF,6-9,240,"July 2, 1997",us US,Washington
417,Sam Dekker,PF,6-9,230,"May 6, 1994",us US,Wisconsin
418,Channing Frye,C,7-0,255,"May 17, 1983",us US,Arizona
419,Andrew Harrison,PG,6-6,213,"October 28, 1994",us US,Kentucky
420,George Hill,PG,6-4,188,"May 4, 1986",us US,IUPUI
421,John Holland,SF,6-5,205,"November 6, 1988",us US,Boston University
422,Rodney Hood,SG,6-8,208,"October 20, 1992",us US,"Mississippi State, Duke"
423,Jalen Jones,SF,6-7,220,"May 27, 1993",us US,"SMU, Texas A&M"
424,Kyle Korver,PF,6-7,212,"March 17, 1981",us US,Creighton
425,Patrick McCaw,SG,6-7,181,"October 25, 1995",us US,UNLV
426,J.R. Smith,SG,6-6,225,"September 9, 1985",us US,North Carolina A&T
427,Max Christie,SG,6-6,190,"February 10, 2003",us US,Michigan State
428,Anthony Davis,PF,6-10,253,"March 11, 1993",us US,Kentucky
429,Luka Doncic,PG,6-6,230,"February 28, 1999",si SI,
430,Jazian Gortman,PG,6-2,184,"April 14, 2003",us US,
431,Quentin Grimes,SG,6-5,205,"May 8, 2000",us US,"Kansas, Houston"
432,Jaden Hardy,SG,6-4,198,"July 5, 2002",us US,
433,Kylor Kelley,C,7-0,215,"August 26, 1997",us US,Oregon State
434,Maxi Kleber,PF,6-10,240,"January 29, 1992",de DE,
435,Dereck Lively II,C,7-1,230,"February 12, 2004",us US,Duke
436,Naji Marshall,SF,6-7,220,"January 24, 1998",us US,Xavier
437,Dwight Powell,C,6-10,240,"July 20, 1991",ca CA,Stanford
438,Olivier-Maxence Prosper,PF,6-8,230,"July 3, 2002",ca CA,"Clemson, Marquette"
439,Klay Thompson,SF,6-5,215,"February 8, 1990",us US,Washington State
440,Brandon Williams,PG,6-1,190,"November 22, 1999",us US,Arizona
441,Greg Brown III,PF,6-7,205,"September 1, 2001",us US,Texas
442,Dexter Dennis,SG,6-5,210,"February 9, 1999",us US,"Wichita State, Texas A&M"
443,Alex Fudge,SF,6-8,200,"May 6, 2003",us US,"LSU, Florida"
444,Tim Hardaway Jr.,SF,6-5,205,"March 16, 1992",us US,Michigan
445,Richaun Holmes,C,6-10,235,"October 15, 1993",us US,Bowling Green
446,A.J. Lawson,SG,6-6,179,"July 15, 2000",ca CA,South Carolina
447,Reggie Bullock,SF,6-6,205,"March 16, 1991",us US,UNC
448,Facundo Campazzo,PG,5-10,195,"March 23, 1991",ar AR,
449,Chris Silva,PF,6-8,234,"September 19, 1996",ga GA,South Carolina
450,Christian Wood,C,6-8,214,"September 27, 1995",us US,UNLV
451,McKinley Wright IV,PG,6-0,196,"October 25, 1998",us US,Colorado
452,Sterling Brown,SG,6-5,219,"February 10, 1995",us US,SMU
453,Jalen Brunson,SG,6-2,190,"August 31, 1996",us US,Villanova
454,Trey Burke,PG,6-0,185,"November 12, 1992",us US,Michigan
455,Willie Cauley-Stein,C,7-0,240,"August 18, 1993",us US,Kentucky
456,George King,SF,6-6,225,"January 15, 1994",us US,Colorado
457,Boban Marjanovic,C,7-4,290,"August 15, 1988",rs RS,
458,JaQuori McLaughlin,PG,6-4,190,"January 29, 1998",us US,"Oregon State, UC Santa Barbara"
459,Eugene Omoruyi,SF,6-7,244,"February 14, 1997",ng NG,"Rutgers University, Oregon"
460,Moses Wright,PF,6-9,233,"December 23, 1998",us US,Georgia Tech
461,Tyler Bey,SF,6-7,215,"February 10, 1998",us US,Colorado
462,Nate Hinton,SG,6-5,210,"June 8, 1999",us US,Houston
463,Nicolo Melli,PF,6-9,236,"January 26, 1991",it IT,
464,JJ Redick,SG,6-3,200,"June 24, 1984",us US,Duke
465,Tyrell Terry,PG,6-2,160,"September 28, 2000",us US,Stanford
466,J.J. Barea,PG,5-10,180,"June 26, 1984",pr PR,Northeastern University
467,Ryan Broekhoff,SF,6-6,215,"August 23, 1990",au AU,Valparaiso
468,Antonius Cleveland,SG,6-5,195,"February 2, 1994",us US,SE Missouri State
469,Courtney Lee,SG,6-5,215,"October 3, 1985",us US,Western Kentucky
470,Josh Reaves,SF,6-4,214,"June 4, 1997",us US,Penn State
471,Kostas Antetokounmpo,PF,6-10,200,"November 20, 1997",gr GR,Dayton
472,Harrison Barnes,PF,6-8,225,"May 30, 1992",us US,UNC
473,Devin Harris,PG,6-3,185,"February 27, 1983",us US,Wisconsin
474,Daryl Macon,SG,6-2,185,"November 29, 1995",us US,Arkansas
475,Salah Mejri,C,7-2,235,"June 15, 1986",tn TN,
476,Dirk Nowitzki,PF,7-0,245,"June 19, 1978",de DE,
477,Ray Spalding,PF,6-10,215,"March 11, 1997",us US,Louisville
478,Trey Alexander,SG,6-4,185,"May 2, 2003",us US,Creighton
479,Christian Braun,SG,6-6,218,"April 17, 2001",us US,Kansas
480,Vlatko Cancar,PF,6-8,236,"April 10, 1997",si SI,
481,Aaron Gordon,PF,6-8,235,"September 16, 1995",us US,Arizona
482,PJ Hall,C,6-8,245,"February 21, 2002",us US,Clemson
483,Nikola Jokic,C,6-11,284,"February 19, 1995",rs RS,
484,Spencer Jones,SF,6-7,225,"June 14, 2001",us US,Stanford
485,Jamal Murray,PG,6-4,215,"February 23, 1997",ca CA,Kentucky
486,Zeke Nnaji,PF,6-9,240,"January 9, 2001",us US,Arizona
487,Jalen Pickett,SG,6-4,209,"October 22, 1999",us US,"Siena College, Penn State"
488,Michael Porter Jr.,SF,6-10,218,"June 29, 1998",us US,Missouri
489,Dario Saric,C,6-10,225,"April 8, 1994",hr HR,
490,Julian Strawther,SG,6-7,205,"April 18, 2002",us US,Gonzaga
491,Hunter Tyson,PF,6-8,215,"June 13, 2000",us US,Clemson
492,Peyton Watson,SF,6-8,200,"September 11, 2002",us US,UCLA
493,Russell Westbrook,PG,6-4,200,"November 12, 1988",us US,UCLA
494,Kentavious Caldwell-Pope,SG,6-5,204,"February 18, 1993",us US,Georgia
495,Collin Gillespie,PG,6-1,195,"June 25, 1999",us US,Villanova
496,Jay Huff,C,7-1,240,"August 25, 1998",us US,Virginia
497,Reggie Jackson,PG,6-2,208,"April 16, 1990",it IT,Boston College
498,Braxton Key,SF,6-8,230,"February 14, 1997",us US,"Alabama, Virginia"
499,Thomas Bryant,C,6-10,248,"July 31, 1997",us US,Indiana
500,Bones Hyland,PG,6-2,173,"September 14, 2000",us US,VCU
501,Davon Reed,SG,6-5,208,"June 11, 1995",us US,Miami (FL)
502,Jack White,SF,6-7,225,"August 5, 1997",au AU,Duke
503,Will Barton,SG,6-5,181,"January 6, 1991",us US,Memphis
504,Bol Bol,PF,7-3,220,"November 16, 1999",sd SD,Oregon
505,Petr Cornelie,PF,6-11,220,"July 26, 1995",fr FR,
506,DeMarcus Cousins,C,6-10,270,"August 13, 1990",us US,Kentucky
507,Bryn Forbes,SG,6-2,205,"July 23, 1993",us US,Michigan State
508,JaMychal Green,PF,6-8,227,"June 21, 1990",us US,Alabama
509,Markus Howard,SG,5-10,175,"March 3, 1999",us US,Marquette
510,Monte Morris,PG,6-2,183,"June 27, 1995",us US,Iowa State
511,Austin Rivers,SG,6-4,200,"August 1, 1992",us US,Duke
512,Rayjon Tucker,SG,6-3,209,"September 24, 1997",us US,"Florida Gulf Coast, Little Rock"
513,Gary Clark,SF,6-6,225,"November 16, 1994",us US,Cincinnati
514,R.J. Hampton,SG,6-4,175,"February 7, 2001",us US,
515,Gary Harris,SG,6-4,210,"September 14, 1994",us US,Michigan State
516,Greg Whittington,PF,6-8,210,"February 7, 1993",us US,Georgetown
517,Malik Beasley,SG,6-4,187,"November 26, 1996",us US,Florida State
518,Troy Daniels,SG,6-4,200,"July 15, 1991",us US,VCU
519,Jerami Grant,PF,6-7,210,"March 12, 1994",us US,Syracuse
520,Jordan McRae,SG,6-5,179,"March 28, 1991",us US,Tennessee
521,Jarred Vanderbilt,PF,6-8,214,"April 3, 1999",us US,Kentucky
522,DeVaughn Akoon-Purcell,SG,6-6,200,"June 5, 1993",us US,Illinois State
523,Tyler Lydon,PF,6-10,225,"April 9, 1996",us US,Syracuse
524,Trey Lyles,PF,6-9,234,"November 5, 1995",ca CA,Kentucky
525,Thomas Welsh,C,7-0,255,"February 3, 1996",us US,UCLA
526,Nick Young,SG,6-7,210,"June 1, 1985",us US,USC
527,Cade Cunningham,PG,6-6,220,"September 25, 2001",us US,Oklahoma State
528,Jalen Duren,C,6-10,250,"November 18, 2003",us US,Memphis
529,Simone Fontecchio,SF,6-8,209,"December 9, 1995",it IT,
530,Ron Harper Jr.,SF,6-6,245,"April 12, 2000",us US,Rutgers University
531,Tobias Harris,PF,6-8,226,"July 15, 1992",us US,Tennessee
532,Ron Holland,SF,6-8,206,"July 7, 2005",us US,
533,Jaden Ivey,SG,6-4,195,"February 13, 2002",us US,Purdue
534,Daniss Jenkins,PG,6-3,165,"August 17, 2001",us US,"University of the Pacific, Iona College, St. John's"
535,Bobi Klintman,SF,6-9,225,"March 6, 2003",se SE,Wake Forest
536,Paul Reed,C,6-9,210,"June 14, 1999",us US,DePaul
537,Marcus Sasser,PG,6-2,195,"September 21, 2000",us US,Houston
538,Tolu Smith,PF,6-10,254,"July 26, 2000",us US,"Western Kentucky, Mississippi State"
539,Isaiah Stewart,C,6-8,250,"May 22, 2001",us US,Washington
540,Cole Swider,SF,6-9,220,"May 8, 1999",us US,"Villanova, Syracuse"
541,Ausar Thompson,SF,6-7,215,"January 30, 2003",us US,
542,Lindy Waters III,SG,6-6,215,"July 28, 1997",us US,Oklahoma State
543,Marvin Bagley III,C,6-10,235,"March 14, 1999",us US,Duke
544,Buddy Boeheim,SF,6-6,205,"November 11, 1999",us US,Syracuse
545,Bojan Bogdanovic,PF,6-7,226,"April 18, 1989",ba BA,
546,Malcolm Cazalon,SG,6-6,212,"August 27, 2001",fr FR,
547,Isaiah Livers,PF,6-7,230,"July 28, 1998",us US,Michigan
548,Player,Pos,Ht,Wt,Birth Date,Birth,College
549,Chimezie Metu,C,6-9,225,"March 22, 1997",us US,USC
550,Jaylen Nowell,SG,6-4,201,"July 9, 1999",us US,Washington
551,Stanley Umude,SG,6-6,210,"April 12, 1999",us US,"South Dakota, Arkansas"
552,James Wiseman,C,7-0,240,"March 31, 2001",us US,Memphis
553,Hamidou Diallo,SF,6-5,202,"July 31, 1998",us US,Kentucky
554,Cory Joseph,PG,6-2,200,"August 20, 1991",ca CA,Texas
555,Rodney McGruder,SG,6-4,205,"July 29, 1991",us US,Kansas State
556,Cheick Diallo,C,6-8,219,"September 13, 1996",ml ML,Kansas
557,Luka Garza,C,6-10,235,"December 27, 1998",us US,Iowa
558,Frank Jackson,PG,6-3,205,"May 4, 1998",us US,Duke
559,Josh Jackson,SF,6-8,207,"February 10, 1997",us US,Kansas
560,Saben Lee,PG,6-2,183,"June 23, 1999",us US,Vanderbilt
561,Kelly Olynyk,C,6-11,240,"April 19, 1991",ca CA,Gonzaga
562,Jaysean Paige,PG,6-3,205,"July 30, 1994",us US,"College of Southern Idaho, Moberly Area Community College, West Virginia"
563,Trayvon Palmer,SG,6-6,200,"November 13, 1994",us US,"North Dakota State College of Science, Chicago State"
564,Jamorko Pickett,PF,6-9,206,"December 24, 1997",us US,Georgetown
565,Micah Potter,C,6-10,248,"April 6, 1998",us US,"Ohio State, Wisconsin"
566,Justin Robinson,PG,6-1,195,"October 12, 1997",us US,Virginia Tech
567,Deividas Sirvydis,SG,6-8,190,"June 10, 2000",lt LT,
568,Cassius Stanley,SG,6-5,190,"August 18, 1999",us US,Duke
569,Derrick Walton,PG,6-0,189,"April 3, 1995",us US,Michigan
570,Sekou Doumbouya,PF,6-8,230,"December 23, 2000",gn GN,
571,Wayne Ellington,SG,6-4,207,"November 29, 1987",us US,UNC
572,Jahlil Okafor,C,6-10,270,"December 15, 1995",us US,Duke
573,Derrick Rose,PG,6-3,200,"October 4, 1988",us US,Memphis
574,Jordan Bone,PG,6-2,180,"November 5, 1997",us US,Tennessee
575,Luke Kennard,SG,6-5,206,"June 24, 1996",us US,Duke
576,Louis King,SF,6-7,205,"April 6, 1999",us US,Oregon
577,Khyri Thomas,SG,6-3,210,"May 8, 1996",us US,Creighton
578,Jose Calderon,PG,6-3,200,"September 28, 1981",es ES,
579,Stanley Johnson,SF,6-6,242,"May 29, 1996",us US,Arizona
580,Jon Leuer,PF,6-10,228,"May 14, 1989",us US,Wisconsin
581,Zach Lofton,SG,6-4,180,"November 18, 1992",us US,"Illinois State, Texas Southern, New Mexico State"
582,Kalin Lucas,PG,6-1,195,"May 24, 1989",us US,Michigan State
583,Zaza Pachulia,C,6-11,270,"February 10, 1984",ge GE,
584,Glenn Robinson III,SF,6-6,222,"January 8, 1994",us US,Michigan
585,Kyle Anderson,PF,6-9,230,"September 20, 1993",us US,UCLA
586,Jimmy Butler,SF,6-7,230,"September 14, 1989",us US,"Tyler Junior College, Marquette"
587,Yuri Collins,PG,6-0,190,"March 7, 2001",us US,Saint Louis
588,Stephen Curry,PG,6-2,185,"March 14, 1988",us US,Davidson
589,Draymond Green,PF,6-6,230,"March 4, 1990",us US,Michigan State
590,Buddy Hield,SG,6-4,220,"December 17, 1992",bs BS,Oklahoma
591,Trayce Jackson-Davis,C,6-9,245,"February 22, 2000",us US,Indiana
592,Jonathan Kuminga,PF,6-8,210,"October 6, 2002",cd CD,
593,Kevon Looney,C,6-9,222,"February 6, 1996",us US,UCLA
594,De'Anthony Melton,SG,6-2,200,"May 28, 1998",us US,USC
595,Moses Moody,SG,6-5,205,"May 31, 2002",us US,Arkansas
596,Gary Payton II,SG,6-2,190,"December 1, 1992",us US,Oregon State
597,Brandin Podziemski,SG,6-5,205,"February 25, 2003",us US,"Illinois, Santa Clara"
598,Quinten Post,PF,7-0,238,"March 21, 2000",nl NL,"Mississippi State, Boston College"
599,Jackson Rowe,PF,6-7,210,"January 4, 1997",ca CA,Cal State Fullerton
600,Gui Santos,PF,6-8,209,"June 22, 2002",br BR,
601,Pat Spencer,PG,6-3,205,"July 4, 1996",us US,"Loyola (MD), Northwestern"
602,Andrew Wiggins,SF,6-7,197,"February 23, 1995",ca CA,Kansas
603,Usman Garuba,PF,6-8,220,"March 9, 2002",es ES,
604,Chris Paul,PG,6-0,175,"May 6, 1985",us US,Wake Forest
605,Lester Quinones,SG,6-5,208,"November 16, 2000",us US,Memphis
606,Jerome Robinson,SG,6-4,190,"February 22, 1997",us US,Boston College
607,Patrick Baldwin Jr.,SF,6-9,220,"November 18, 2002",us US,UW-Milwaukee
608,Donte DiVincenzo,SG,6-4,203,"January 31, 1997",us US,Villanova
609,Andre Iguodala,PF,6-6,215,"January 28, 1984",us US,Arizona
610,Anthony Lamb,SF,6-6,227,"January 20, 1998",us US,University of Vermont
611,Jordan Poole,PG,6-4,194,"June 19, 1999",us US,Michigan
612,Ryan Rollins,PG,6-4,180,"July 3, 2002",us US,Toledo
613,Nemanja Bjelica,C,6-10,234,"May 9, 1988",rs RS,
614,Jeff Dowtin Jr.,PG,6-3,185,"May 10, 1997",us US,Rhode Island
615,Damion Lee,SG,6-5,210,"October 21, 1992",us US,"Drexel, Louisville"
616,Juan Toscano-Anderson,SF,6-6,209,"April 10, 1993",us US,Marquette
617,Quinndary Weatherspoon,SG,6-3,205,"September 10, 1996",us US,Mississippi State
618,Nico Mannion,PG,6-2,190,"March 14, 2001",it IT,Arizona
619,Mychal Mulder,PG,6-3,184,"June 12, 1994",ca CA,"Vincennes University, Kentucky"
620,Eric Paschall,PF,6-6,255,"November 4, 1996",us US,"Fordham, Villanova"
621,Alen Smailagic,PF,6-10,215,"August 18, 2000",rs RS,
622,Dragan Bender,PF,7-0,225,"November 17, 1997",ba BA,
623,Ky Bowman,PG,6-1,187,"June 16, 1997",us US,Boston College
624,Jacob Evans,SG,6-4,210,"June 18, 1997",us US,Cincinnati
625,Zach Norvell,SG,6-5,206,"December 9, 1997",us US,Gonzaga
626,Jeremy Pargo,PG,6-2,219,"March 17, 1986",us US,Gonzaga
627,Chasson Randle,PG,6-2,185,"February 5, 1993",us US,Stanford
628,Andrew Bogut,C,7-0,260,"November 28, 1984",au AU,Utah
629,Marcus Derrickson,PF,6-7,249,"February 1, 1996",us US,Georgetown
630,Jonas Jerebko,PF,6-10,231,"March 2, 1987",se SE,
631,Shaun Livingston,PG,6-7,192,"September 11, 1985",us US,
632,Steven Adams,C,6-11,265,"July 20, 1993",nz NZ,Pitt
633,Dillon Brooks,SF,6-6,225,"January 22, 1996",ca CA,Oregon
634,N'Faly Dante,C,6-11,230,"October 19, 2001",ml ML,Oregon
635,Tari Eason,PF,6-8,216,"May 10, 2001",us US,"Cincinnati, LSU"
636,Jalen Green,SG,6-4,178,"February 9, 2002",us US,
637,Jock Landale,C,6-11,256,"October 25, 1995",au AU,Saint Mary's
638,Jack McVeigh,PF,6-8,215,"June 27, 1996",au AU,Nebraska
639,Alperen Sengun,C,6-11,235,"July 25, 2002",tr TR,
640,Reed Sheppard,PG,6-2,185,"June 24, 2004",us US,Kentucky
641,Jabari Smith Jr.,PF,6-11,220,"May 13, 2003",us US,Auburn
642,Jae'Sean Tate,SF,6-4,230,"October 28, 1995",us US,Ohio State
643,Amen Thompson,SF,6-7,209,"January 30, 2003",us US,
644,Fred VanVleet,PG,6-0,197,"February 25, 1994",us US,Wichita State
645,Cam Whitmore,SF,6-7,232,"July 8, 2004",us US,Villanova
646,Jeenathan Williams,SG,6-5,205,"February 12, 1999",us US,Buffalo
647,Jermaine Samuels,SF,6-7,230,"November 13, 1998",us US,Villanova
648,Josh Christopher,SG,6-5,215,"December 8, 2001",us US,Arizona State
649,Darius Days,SF,6-7,245,"October 20, 1999",us US,LSU
650,Eric Gordon,SG,6-3,215,"December 25, 1988",us US,Indiana
651,Trevor Hudgins,PG,6-0,180,"March 23, 1999",us US,Northwest Missouri State University
652,KJ Martin,SF,6-6,215,"January 6, 2001",us US,
653,Daishen Nix,PG,6-5,224,"February 13, 2002",us US,
654,TyTy Washington Jr.,PG,6-3,197,"November 15, 2001",us US,Kentucky
655,D.J. Augustin,PG,5-11,183,"November 10, 1987",us US,Texas
656,Danuel House Jr.,SF,6-6,220,"June 7, 1993",us US,Texas A&M
657,Trevelin Queen,SG,6-6,190,"February 25, 1997",us US,"College of Marin, New Mexico Military Institute, New Mexico State"
658,Avery Bradley,SG,6-3,180,"November 26, 1990",us US,Texas
659,Bruno Caboclo,PF,6-9,218,"September 21, 1995",br BR,
660,Mason Jones,SG,6-4,200,"July 21, 1998",us US,"Connors State College, Arkansas"
661,Ben McLemore,SG,6-3,195,"February 11, 1993",us US,Kansas
662,Victor Oladipo,SG,6-3,213,"May 4, 1992",us US,Indiana
663,Justin Patton,C,6-11,241,"June 14, 1997",us US,Creighton
664,Cameron Reynolds,SF,6-7,225,"February 7, 1995",us US,Tulane
665,P.J. Tucker,PF,6-5,245,"May 5, 1985",us US,Texas
666,John Wall,PG,6-3,210,"September 6, 1990",us US,Kentucky
667,D.J. Wilson,PF,6-10,231,"February 19, 1996",us US,Michigan
668,Ryan Anderson,C,6-9,240,"May 6, 1988",us US,California
669,Tyson Chandler,C,7-0,235,"October 2, 1982",us US,
670,Chris Clemons,SG,5-9,180,"July 23, 1997",us US,Campbell
671,Robert Covington,C,6-7,209,"December 14, 1990",us US,Tennessee State
672,Michael Frazier,SG,6-3,200,"March 8, 1994",us US,Florida
673,William Howard,PF,6-8,207,"October 25, 1993",fr FR,
674,Luc Mbah a Moute,PF,6-8,230,"September 9, 1986",cm CM,UCLA
675,Thabo Sefolosha,PF,6-6,215,"May 2, 1984",ch CH,
676,Carmelo Anthony,PF,6-7,238,"May 29, 1984",us US,Syracuse
677,Michael Carter-Williams,PG,6-5,190,"October 10, 1991",us US,Syracuse
678,Vince Edwards,SF,6-8,225,"April 5, 1996",us US,Purdue
679,Gerald Green,SG,6-6,205,"January 26, 1986",us US,
680,Nene,C,6-11,250,"September 13, 1982",br BR,
681,Terrence Jones,PF,6-9,252,"January 9, 1992",us US,Kentucky
682,James Nunnally,SF,6-7,208,"July 14, 1990",us US,UC Santa Barbara
683,Zhou Qi,PF,7-1,210,"January 16, 1996",cn CN,
684,RayJ Dennis,PG,6-2,180,"March 30, 2001",us US,"Boise State, Toledo, Baylor"
685,Enrique Freeman,PF,6-7,206,"July 29, 2000",us US,University of Akron
686,Johnny Furphy,SG,6-8,200,"December 8, 2004",au AU,Kansas
687,Tyrese Haliburton,PG,6-5,185,"February 29, 2000",us US,Iowa State
688,Isaiah Jackson,C,6-10,206,"January 10, 2002",us US,Kentucky
689,Quenton Jackson,PG,6-5,175,"September 15, 1998",us US,Texas A&M
690,Bennedict Mathurin,SF,6-6,210,"June 19, 2002",ca CA,Arizona
691,T.J. McConnell,PG,6-1,190,"March 25, 1992",us US,"Duquesne, Arizona"
692,Andrew Nembhard,SG,6-5,193,"January 16, 2000",ca CA,"Florida, Gonzaga"
693,Tristen Newton,SG,6-5,190,"April 26, 2001",us US,"East Carolina University, UConn"
694,Ben Sheppard,SG,6-6,190,"July 16, 2001",us US,Belmont
695,Pascal Siakam,PF,6-8,230,"April 2, 1994",cm CM,New Mexico State
696,Obi Toppin,PF,6-9,220,"March 4, 1998",us US,Dayton
697,Myles Turner,C,6-11,250,"March 24, 1996",us US,Texas
698,Jarace Walker,PF,6-8,240,"September 4, 2003",us US,Houston
699,Kendall Brown,SG,6-8,205,"May 11, 2003",us US,Baylor
700,Doug McDermott,SF,6-6,225,"January 3, 1992",us US,Creighton
701,Jordan Nwora,SF,6-8,225,"September 9, 1998",us US,Louisville
702,Oscar Tshiebwe,PF,6-9,260,"November 27, 1999",cd CD,"West Virginia, Kentucky"
703,Goga Bitadze,C,6-11,250,"July 20, 1999",ge GE,
704,Gabe York,SG,6-3,185,"August 2, 1993",us US,Arizona
705,Ahmad Caver,SG,6-2,175,"September 12, 1996",us US,Old Dominion
706,DeJon Jarreau,SG,6-5,185,"January 23, 1998",us US,"UMass, Houston"
707,Domantas Sabonis,PF,6-10,240,"May 3, 1996",us US,Gonzaga
708,Keifer Sykes,PG,6-0,180,"December 30, 1993",us US,Green Bay
709,Duane Washington Jr.,PG,6-3,210,"March 24, 2000",de DE,Ohio State
710,Brian Bowen,SF,6-6,190,"October 2, 1998",us US,
711,Amida Brimah,C,6-10,230,"February 11, 1994",gh GH,UConn
712,Jalen Lecque,PG,6-4,185,"June 13, 2000",us US,
713,T.J. Leaf,PF,6-10,222,"April 30, 1997",il IL,UCLA
714,Naz Mitrou-Long,SG,6-3,218,"August 3, 1993",ca CA,Iowa State
715,Ike Anigbogu,C,6-10,250,"October 17, 1998",us US,UCLA
716,Darren Collison,PG,6-0,175,"August 23, 1987",us US,UCLA
717,Tyreke Evans,SG,6-6,220,"September 19, 1989",us US,Memphis
718,Kyle O'Quinn,C,6-9,250,"March 26, 1990",us US,Norfolk State
719,Mo Bamba,C,7-0,231,"May 12, 1998",us US,Texas
720,MarJon Beauchamp,SF,6-6,199,"October 12, 2000",us US,Yakima Valley Community College
721,Kobe Brown,PF,6-7,250,"January 1, 2000",us US,Missouri
722,Cam Christie,SG,6-5,190,"July 24, 2005",us US,Minnesota
723,Amir Coffey,SG,6-7,210,"June 17, 1997",us US,Minnesota
724,Drew Eubanks,C,6-9,245,"February 1, 1997",us US,Oregon State
725,Trentyn Flowers,SF,6-7,185,"March 8, 2005",us US,
726,Kawhi Leonard,SF,6-7,225,"June 29, 1991",us US,San Diego State
727,Jordan Miller,SF,6-7,195,"January 23, 2000",us US,"George Mason, Miami (FL)"
728,Norman Powell,SG,6-3,215,"May 25, 1993",us US,UCLA
729,Ivica Zubac,C,7-0,240,"March 18, 1997",ba BA,
730,Brandon Boston Jr.,SF,6-7,185,"November 28, 2001",us US,Kentucky
731,Paul George,PF,6-8,220,"May 2, 1990",us US,Fresno State
732,Xavier Moon,SG,6-2,165,"January 2, 1995",us US,"Northwest Florida State College, Morehead State University"
733,Joshua Primo,SG,6-6,190,"December 24, 2002",ca CA,Alabama
734,Jason Preston,PG,6-4,187,"August 10, 1999",us US,Ohio University
735,Eric Bledsoe,PG,6-1,214,"December 9, 1989",us US,Kentucky
736,Serge Ibaka,C,6-11,235,"September 18, 1989",cg CG,
737,Jay Scrubb,SG,6-5,220,"September 1, 2000",us US,John A. Logan College
738,Justise Winslow,PF,6-6,222,"March 26, 1996",us US,Duke
739,Daniel Oturu,C,6-8,240,"September 20, 1999",us US,Minnesota
740,Patrick Patterson,PF,6-8,235,"March 14, 1989",us US,Kentucky
741,Maurice Harkless,PF,6-7,220,"May 11, 1993",us US,St. John's
742,Johnathan Motley,PF,6-8,230,"May 4, 1995",us US,Baylor
743,Joakim Noah,C,6-11,230,"February 25, 1985",us US,Florida
744,Angel Delgado,C,6-10,245,"November 20, 1994",do DO,Seton Hall
745,Shai Gilgeous-Alexander,PG,6-6,200,"July 12, 1998",ca CA,Kentucky
746,Marcin Gortat,C,6-11,240,"February 17, 1984",pl PL,
747,Mike Scott,PF,6-7,237,"July 16, 1988",us US,Virginia
748,Milos Teodosic,PG,6-5,196,"March 19, 1987",rs RS,
749,Sindarius Thornwell,SG,6-4,215,"November 15, 1994",us US,South Carolina
750,Jordan Goodwin,PG,6-3,200,"October 23, 1998",us US,Saint Louis
751,Rui Hachimura,PF,6-8,230,"February 8, 1998",jp JP,Gonzaga
752,Jaxson Hayes,C,7-0,220,"May 23, 2000",us US,Texas
753,Jalen Hood-Schifino,SG,6-6,215,"June 19, 2003",us US,Indiana
754,Bronny James,SG,6-2,210,"October 6, 2004",us US,USC
755,LeBron James,SF,6-9,250,"December 30, 1984",us US,
756,Trey Jemison,C,6-11,260,"November 28, 1999",us US,"Clemson, UAB"
757,Dalton Knecht,SF,6-6,215,"April 19, 2001",us US,"Northeastern Junior College, University of Northern Colorado, Tennessee"
758,Christian Koloko,C,7-1,230,"June 20, 2000",cm CM,Arizona
759,Quincy Olivari,PG,6-3,198,"May 27, 2001",us US,"Rice University, Xavier"
760,Austin Reaves,SG,6-5,206,"May 29, 1998",us US,"Wichita State, Oklahoma"
761,Armel Traore,SF,6-8,215,"January 23, 2003",fr FR,
762,Gabe Vincent,PG,6-3,195,"June 14, 1996",us US,UC Santa Barbara
763,Colin Castleton,C,6-11,250,"May 25, 2000",us US,"Michigan, Florida"
764,D'Moi Hodge,SG,6-4,188,"December 20, 1998",vg VG,"State College of Florida, Manatee-Sarasota, Cleveland State University, Missouri"
765,Kendrick Nunn,SG,6-2,190,"August 3, 1995",us US,"Illinois, Oakland"
766,Scotty Pippen Jr.,PG,6-1,185,"November 10, 2000",us US,Vanderbilt
767,Trevor Ariza,SF,6-8,215,"June 30, 1985",us US,UCLA
768,Dwight Howard,C,6-10,265,"December 8, 1985",us US,
769,Jemerrio Jones,SF,6-5,174,"April 9, 1995",us US,"Hill College, New Mexico State"
770,Devontae Cacok,PF,6-7,240,"October 8, 1996",us US,UNC Wilmington
771,Marc Gasol,C,6-11,255,"January 29, 1985",es ES,
772,Kyle Kuzma,SF,6-9,221,"July 24, 1995",us US,Utah
773,Dion Waiters,SG,6-3,215,"December 10, 1991",us US,Syracuse
774,Michael Beasley,PF,6-9,235,"January 9, 1989",us US,Kansas State
775,Isaac Bonga,PG,6-8,180,"November 8, 1999",de DE,
776,Josh Hart,SG,6-4,215,"March 6, 1995",us US,Villanova
777,Andre Ingram,SG,6-3,190,"November 19, 1985",us US,American University
778,Brandon Ingram,SF,6-8,190,"September 2, 1997",us US,Duke
779,Scott Machado,PG,6-1,205,"June 8, 1990",us US,Iona College
780,Johnathan Williams,C,6-9,228,"May 22, 1995",us US,"Missouri, Gonzaga"
781,Santi Aldama,PF,6-11,224,"January 10, 2001",es ES,Loyola (MD)
782,Desmond Bane,SG,6-5,215,"June 25, 1998",us US,TCU
783,Brandon Clarke,PF,6-8,215,"September 19, 1996",ca CA,"San Jose State, Gonzaga"
784,Zach Edey,C,7-4,305,"May 14, 2002",ca CA,Purdue
785,GG Jackson II,PF,6-9,215,"December 17, 2004",us US,South Carolina
786,Jaren Jackson Jr.,C,6-10,242,"September 15, 1999",us US,Michigan State
787,Yuki Kawamura,PG,5-8,159,"May 2, 2001",jp JP,
788,John Konchar,SG,6-5,210,"March 22, 1996",us US,Purdue-Fort Wayne
789,Jake LaRavia,PF,6-8,235,"November 3, 2001",us US,"Indiana State University, Wake Forest"
790,Ja Morant,PG,6-2,174,"August 10, 1999",us US,Murray State
791,Zyon Pullin,SG,6-4,206,"March 3, 2001",us US,"University of California, Riverside, Florida"
792,Cam Spencer,SG,6-3,205,"April 6, 2000",us US,"Loyola (MD), Rutgers University, UConn"
793,Jaylen Wells,SG,6-7,206,"August 26, 2003",us US,"Sonoma State University, Washington State"
794,Vince Williams Jr.,SG,6-4,205,"August 30, 2000",us US,VCU
795,Timmy Allen,SF,6-6,210,"January 9, 2000",us US,"Utah, Texas"
796,Matthew Hurt,PF,6-9,235,"April 20, 2000",us US,Duke
797,Kenneth Lofton Jr.,PF,6-7,275,"August 14, 2002",us US,Louisiana Tech
798,Maozinha Pereira,SF,6-8,177,"August 28, 2000",br BR,
799,Zavier Simpson,PG,6-0,190,"February 11, 1997",us US,Michigan
800,Kennedy Chandler,PG,6-0,171,"September 16, 2002",us US,Tennessee
801,Tyus Jones,PG,6-1,196,"May 10, 1996",us US,Duke
802,Shaq Buchanan,SG,6-3,190,"January 30, 1997",us US,"Northeast Mississippi Community College, Murray State"
803,Dakota Mathias,SG,6-4,200,"July 11, 1995",us US,Purdue
804,Yves Pons,SF,6-6,215,"May 7, 1999",ht HT,Tennessee
805,Jon Teske,C,7-1,265,"May 4, 1997",us US,Michigan
806,Killian Tillie,C,6-9,220,"March 5, 1998",fr FR,Gonzaga
807,Grayson Allen,SG,6-4,198,"October 8, 1995",us US,Duke
808,Sean McDermott,SF,6-6,195,"November 3, 1996",us US,Butler
809,Jontay Porter,PF,6-11,240,"November 15, 1999",us US,Missouri
810,Jonas Valanciunas,C,6-11,265,"May 6, 1992",lt LT,
811,Jae Crowder,SF,6-6,235,"July 6, 1990",us US,Marquette
812,Marko Guduric,SG,6-6,201,"March 8, 1995",rs RS,
813,Dusty Hannahs,SG,6-3,210,"September 2, 1993",us US,"Texas Tech, Arkansas"
814,Anthony Tolliver,PF,6-8,240,"June 1, 1985",us US,Creighton
815,Jarrod Uthoff,PF,6-9,221,"May 19, 1993",us US,Iowa
816,MarShon Brooks,SG,6-5,200,"January 26, 1989",us US,Providence
817,Omri Casspi,SF,6-9,225,"June 22, 1988",il IL,
818,Mike Conley,PG,6-0,175,"October 11, 1987",us US,Ohio State
819,Ivan Rabb,PF,6-10,220,"February 4, 1997",us US,California
820,D.J. Stephens,SG,6-5,188,"December 19, 1990",us US,Memphis
821,Julian Washburn,SF,6-8,210,"December 18, 1991",us US,Texas-El Paso
822,Bam Adebayo,C,6-9,255,"July 18, 1997",us US,Kentucky
823,Tyler Herro,SG,6-5,195,"January 20, 2000",us US,Kentucky
824,Haywood Highsmith,SF,6-7,220,"December 9, 1996",us US,Wheeling University
825,Jaime Jaquez Jr.,SF,6-6,225,"February 18, 2001",us US,UCLA
826,Keshad Johnson,SF,6-6,225,"June 23, 2001",us US,"San Diego State, Arizona"
827,Nikola Jovic,PF,6-10,209,"June 9, 2003",gb GB,
828,Pelle Larsson,SG,6-5,215,"February 23, 2001",se SE,"Utah, Arizona"
829,Davion Mitchell,PG,6-2,205,"September 5, 1998",us US,"Auburn, Baylor"
830,Duncan Robinson,SF,6-7,215,"April 22, 1994",us US,"Williams, Michigan"
831,Isaiah Stevens,PG,6-0,185,"November 1, 2000",us US,Colorado State
832,Kel'el Ware,C,7-0,230,"April 20, 2004",us US,"Oregon, Indiana"
833,Jamal Cain,PF,6-7,191,"March 20, 1999",us US,"Marquette, Oakland"
834,Kyle Lowry,PG,6-0,196,"March 25, 1986",us US,Villanova
835,Orlando Robinson,C,7-0,235,"July 10, 2000",us US,Fresno State
836,Jamaree Bouyea,PG,6-2,180,"June 27, 1999",us US,San Francisco
837,Udonis Haslem,C,6-8,235,"June 9, 1980",us US,Florida
838,Omer Yurtseven,C,7-0,264,"June 19, 1998",tr TR,"NC State, Georgetown"
839,Kyle Guy,SG,6-1,167,"August 11, 1997",us US,Virginia
840,KZ Okpala,PF,6-8,215,"April 28, 1999",us US,Stanford
841,Javonte Smart,PG,6-4,205,"June 3, 1999",us US,LSU
842,Precious Achiuwa,PF,6-8,225,"September 19, 1999",ng NG,Memphis
843,Meyers Leonard,C,7-0,260,"February 27, 1992",us US,Illinois
844,Kyle Alexander,C,6-11,220,"October 21, 1996",ca CA,Tennessee
845,Yante Maten,PF,6-8,240,"August 14, 1996",us US,Georgia
846,Emanuel Terry,PF,6-9,220,"August 21, 1996",us US,Lincoln Memorial
847,Dwyane Wade,SG,6-4,220,"January 17, 1982",us US,Marquette
848,Hassan Whiteside,C,7-0,265,"June 13, 1989",us US,Marshall
849,Giannis Antetokounmpo,PF,6-11,242,"December 6, 1994",gr GR,
850,Pat Connaughton,SG,6-5,209,"January 6, 1993",us US,Notre Dame
851,A.J. Green,SG,6-4,200,"September 27, 1999",us US,University of Northern Iowa
852,Andre Jackson Jr.,SG,6-6,210,"November 13, 2001",us US,UConn
853,AJ Johnson,SG,6-4,160,"December 1, 2004",us US,
854,Damian Lillard,PG,6-2,195,"July 15, 1990",us US,Weber State
855,Chris Livingston,SF,6-6,220,"October 15, 2003",us US,Kentucky
856,Brook Lopez,C,7-1,282,"April 1, 1988",us US,Stanford
857,Khris Middleton,SF,6-7,222,"August 12, 1991",us US,Texas A&M
858,Liam Robbins,C,7-0,250,"July 12, 1999",us US,"Drake University, Minnesota, Vanderbilt"
859,Jericho Sims,C,6-10,245,"October 20, 1998",us US,Texas
860,Tyler Smith,PF,6-11,224,"November 2, 2004",us US,
861,Gary Trent Jr.,SG,6-5,209,"January 18, 1999",us US,Duke
862,Thanasis Antetokounmpo,PF,6-7,219,"July 18, 1992",gr GR,
863,Lindell Wigginton,PG,6-2,189,"March 28, 1998",ca CA,Iowa State
864,Joe Ingles,SF,6-8,220,"October 2, 1987",au AU,
865,Sandro Mamukelashvili,C,6-11,240,"May 23, 1999",us US,Seton Hall
866,Javin DeLaurier,C,6-10,237,"April 7, 1998",us US,Duke
867,Georgios Kalaitzakis,SF,6-8,192,"January 2, 1999",gr GR,
868,Luca Vildoza,PG,6-3,190,"August 11, 1995",ar AR,
869,Elijah Bryant,SG,6-5,210,"April 19, 1995",us US,"Elon University, BYU"
870,Axel Toupane,SF,6-7,197,"July 23, 1992",fr FR,
871,Ersan Ilyasova,PF,6-9,235,"May 15, 1987",tr TR,
872,Frank Mason III,PG,5-11,190,"April 3, 1994",us US,Kansas
873,Isaiah Canaan,PG,6-0,201,"May 21, 1991",us US,Murray State
874,Bonzie Colson,SF,6-6,224,"January 12, 1996",us US,Notre Dame
875,Trevon Duval,PG,6-2,189,"August 3, 1998",us US,Duke
876,Pau Gasol,C,7-0,250,"July 6, 1980",es ES,
877,Nikola Mirotic,PF,6-10,250,"February 11, 1991",me ME,
878,Jaylen Morris,SG,6-5,185,"September 19, 1995",us US,Molloy
879,Jason Smith,PF,7-0,240,"March 2, 1986",us US,Colorado State
880,Nickeil Alexander-Walker,SG,6-5,205,"September 2, 1998",ca CA,Virginia Tech
881,Jaylen Clark,SG,6-5,205,"October 13, 2001",us US,UCLA
882,Rob Dillingham,PG,6-1,176,"January 4, 2005",us US,Kentucky
883,Anthony Edwards,SG,6-4,225,"August 5, 2001",us US,Georgia
884,Jesse Edwards,C,6-11,230,"March 18, 2000",nl NL,"West Virginia, Syracuse"
885,Rudy Gobert,C,7-1,258,"June 26, 1992",fr FR,
886,Jaden McDaniels,PF,6-9,185,"September 29, 2000",us US,Washington
887,Leonard Miller,SF,6-10,210,"November 26, 2003",ca CA,
888,Josh Minott,SF,6-8,205,"November 25, 2002",us US,Memphis
889,Julius Randle,PF,6-9,250,"November 29, 1994",us US,Kentucky
890,Naz Reid,C,6-9,264,"August 26, 1999",us US,LSU
891,Terrence Shannon Jr.,SG,6-6,215,"July 30, 2000",us US,"Texas Tech, Illinois"
892,Jordan McLaughlin,PG,6-0,185,"April 9, 1996",us US,USC
893,Karl-Anthony Towns,PF,7-0,248,"November 15, 1995",us US,Kentucky
894,Leandro Bolmaro,SF,6-6,200,"September 11, 2000",ar AR,
895,Jake Layman,SF,6-8,209,"March 7, 1994",us US,Maryland
896,Ashton Hagans,PG,6-3,190,"July 8, 1999",us US,Kentucky
897,Jerryd Bayless,PG,6-3,200,"August 20, 1988",us US,Arizona
898,Luol Deng,SF,6-9,237,"April 16, 1985",ss SS,Duke
899,Jared Terrell,SG,6-3,227,"February 10, 1995",us US,Rhode Island
900,C.J. Williams,SG,6-5,226,"February 6, 1990",us US,NC State
901,Jose Alvarado,PG,6-0,179,"April 12, 1998",us US,Georgia Tech
902,Keion Brooks Jr.,SF,6-7,210,"August 7, 2000",us US,"Kentucky, Washington"
903,Jordan Hawkins,SG,6-5,195,"April 29, 2002",us US,UConn
904,Herbert Jones,SF,6-8,210,"October 6, 1998",us US,Alabama
905,Karlo Matkovic,PF,6-11,231,"March 30, 2001",ba BA,
906,CJ McCollum,PG,6-3,190,"September 19, 1991",us US,Lehigh
907,Yves Missi,C,6-11,235,"May 14, 2004",be BE,Baylor
908,Trey Murphy III,SF,6-8,206,"June 18, 2000",us US,"Rice University, Virginia"
909,Antonio Reeves,SG,6-5,205,"November 20, 2000",us US,"Illinois State, Kentucky"
910,Jeremiah Robinson-Earl,PF,6-9,230,"November 3, 2000",us US,Villanova
911,Zion Williamson,PF,6-6,284,"July 6, 2000",us US,Duke
912,Izaiah Brockington,PG,6-4,200,"July 12, 1999",us US,"St. Bonaventure, Penn State, Iowa State"
913,Jalen Crutcher,PG,6-2,175,"July 18, 1999",us US,Dayton
914,Kaiser Gates,SF,6-8,217,"November 8, 1996",us US,Xavier
915,Kira Lewis Jr.,PG,6-1,170,"April 6, 2001",us US,Alabama
916,Dereon Seabron,SG,6-7,180,"May 26, 2000",us US,NC State
917,Jared Harper,PG,5-10,175,"September 14, 1997",us US,Auburn
918,Didi Louzada,SF,6-5,188,"February 7, 1999",br BR,
919,Will Magnay,C,6-10,234,"June 10, 1998",au AU,Tulsa
920,Zylan Cheatham,PF,6-5,220,"November 17, 1995",us US,"San Diego State, Arizona State"
921,Derrick Favors,C,6-9,265,"July 15, 1991",us US,Georgia Tech
922,Josh Gray,PG,6-0,180,"September 9, 1993",us US,LSU
923,E'Twaun Moore,SG,6-3,191,"February 25, 1989",us US,Purdue
924,Kenrich Williams,PF,6-7,210,"December 2, 1994",us US,TCU
925,Dairis Bertans,SG,6-4,200,"September 9, 1989",lv LV,
926,Ian Clark,SG,6-3,175,"March 7, 1991",us US,Belmont
927,Wesley Johnson,SF,6-7,215,"July 11, 1987",us US,"Iowa State, Syracuse"
928,Darius Miller,SF,6-6,225,"March 21, 1990",us US,Kentucky
929,OG Anunoby,PF,6-7,232,"July 17, 1997",gb GB,Indiana
930,Pacome Dadiet,SG,6-7,210,"July 27, 2005",fr FR,
931,Ariel Hukporti,C,7-0,246,"April 11, 2002",de DE,
932,Tyler Kolek,PG,6-1,195,"March 27, 2001",us US,"George Mason, Marquette"
933,Miles McBride,PG,6-2,200,"September 8, 2000",us US,West Virginia
934,Kevin McCullar Jr.,SF,6-6,210,"March 15, 2001",us US,"Texas Tech, Kansas"
935,Mitchell Robinson,C,7-0,240,"April 1, 1998",us US,Western Kentucky
936,Anton Watson,SF,6-8,225,"October 6, 2000",us US,Gonzaga
937,RJ Barrett,SG,6-6,214,"June 14, 2000",ca CA,Duke
938,Immanuel Quickley,SG,6-3,190,"June 17, 1999",us US,Kentucky
939,Dmytro Skapintsev,C,7-1,260,"May 12, 1998",ua UA,Cal State Northridge
940,Trevor Keels,SG,6-5,221,"August 26, 2003",us US,Duke
941,Tyler Hall,SG,6-5,209,"March 25, 1997",us US,Montana State
942,Feron Hunt,SF,6-8,195,"July 5, 1999",us US,SMU
943,Ignas Brazdeikis,SF,6-6,221,"January 8, 1999",lt LT,Michigan
944,Kadeem Allen,PG,6-1,200,"January 15, 1993",us US,Arizona
945,Allonzo Trier,SG,6-4,200,"January 17, 1996",us US,Arizona
946,Ron Baker,SG,6-4,220,"March 30, 1993",us US,Wichita State
947,Billy Garrett,SG,6-6,213,"October 16, 1994",us US,DePaul
948,Mario Hezonja,SF,6-8,220,"February 25, 1995",hr HR,
949,Isaiah Hicks,PF,6-9,230,"July 24, 1994",us US,UNC
950,John Jenkins,SG,6-4,215,"March 6, 1991",us US,Vanderbilt
951,Emmanuel Mudiay,PG,6-3,200,"March 5, 1996",cd CD,
952,Branden Carlson,C,7-0,220,"June 14, 1999",us US,Utah
953,Ousmane Dieng,C,6-10,222,"May 21, 2003",fr FR,
954,Luguentz Dort,SF,6-4,220,"April 19, 1999",ca CA,Arizona State
955,Alex Ducas,SG,6-6,222,"December 11, 2000",au AU,Saint Mary's
956,Adam Flagler,SG,6-3,195,"December 1, 1999",us US,"Presbyterian College, Baylor"
957,Chet Holmgren,C,7-1,213,"May 1, 2002",us US,Gonzaga
958,Isaiah Joe,SG,6-5,181,"July 2, 1999",us US,Arkansas
959,Dillon Jones,SF,6-5,240,"October 29, 2001",us US,Weber State
960,Malevy Leons,SF,6-9,205,"September 23, 1999",nl NL,"Mineral Area College, Bradley"
961,Ajay Mitchell,SG,6-5,200,"June 25, 2002",be BE,UC Santa Barbara
962,Alex Reese,PF,6-9,245,"May 21, 1999",us US,Alabama
963,Cason Wallace,SG,6-4,205,"November 7, 2003",us US,Kentucky
964,Aaron Wiggins,SG,6-6,200,"January 2, 1999",us US,Maryland
965,Jalen Williams,SG,6-6,220,"April 14, 2001",us US,Santa Clara
966,Jaylin Williams,PF,6-8,250,"June 29, 2002",us US,Arkansas
967,Keyontae Johnson,SF,6-5,230,"May 24, 2000",us US,"Florida, Kansas State"
968,Olivier Sarr,C,7-0,237,"February 20, 1999",fr FR,"Wake Forest, Kentucky"
969,Darius Bazley,C,6-8,208,"June 12, 2000",us US,
970,Jared Butler,PG,6-3,195,"August 25, 2000",us US,Baylor
971,Gabriel Deck,PF,6-8,232,"February 8, 1995",ar AR,
972,Rob Edwards,SG,6-5,205,"January 20, 1997",us US,"Cleveland State University, Arizona State"
973,Melvin Frazier,SG,6-5,215,"August 30, 1996",us US,Tulane
974,Jaylen Hoard,SF,6-8,216,"March 30, 1999",fr FR,Wake Forest
975,Scotty Hopson,SG,6-7,204,"August 8, 1989",us US,Tennessee
976,Isaiah Roby,PF,6-8,230,"February 3, 1998",us US,Nebraska
977,Josh Hall,SF,6-9,190,"October 8, 2000",us US,
978,Deonte Burton,SF,6-4,240,"January 31, 1994",us US,"Marquette, Iowa State"
979,Terrance Ferguson,SF,6-6,190,"May 17, 1998",us US,
980,Devon Hall,PG,6-2,215,"July 7, 1995",us US,Virginia
981,Kevin Hervey,PF,6-9,230,"July 9, 1996",us US,UT Arlington
982,Abdel Nader,SF,6-5,225,"September 25, 1993",eg EG,"Northern Illinois, Iowa State"
983,Alex Abrines,SG,6-6,200,"August 1, 1993",es ES,
984,Tyler Davis,C,6-10,266,"May 22, 1997",us US,Texas A&M
985,Jawun Evans,PG,6-0,185,"July 26, 1996",us US,Oklahoma State
986,Raymond Felton,PG,6-1,205,"June 26, 1984",us US,UNC
987,Donte Grantham,SF,6-8,215,"March 19, 1995",us US,Clemson
988,Cole Anthony,PG,6-2,185,"May 15, 2000",us US,UNC
989,Paolo Banchero,PF,6-10,250,"November 12, 2002",us US,Duke
990,Anthony Black,PG,6-7,198,"January 20, 2004",us US,Arkansas
991,Tristan Da Silva,SF,6-8,217,"May 15, 2001",de DE,Colorado
992,Caleb Houstan,SF,6-8,205,"January 9, 2003",ca CA,Michigan
993,Jett Howard,SF,6-8,215,"September 14, 2003",us US,Michigan
994,Jonathan Isaac,PF,6-10,230,"October 3, 1997",us US,Florida State
995,Jalen Suggs,PG,6-5,205,"June 3, 2001",us US,Gonzaga
996,Franz Wagner,SF,6-10,225,"August 27, 2001",de DE,Michigan
997,Markelle Fultz,PG,6-4,209,"May 29, 1998",us US,Washington
998,Kevon Harris,SG,6-5,216,"June 24, 1997",us US,Stephen F. Austin
999,Admiral Schofield,PF,6-5,241,"March 30, 1997",gb GB,Tennessee
1000,Terrence Ross,SG,6-6,206,"February 5, 1991",us US,Washington
1001,Devin Cannady,PG,6-2,183,"May 21, 1996",us US,Princeton
1002,Aleem Ford,SF,6-8,220,"December 22, 1997",us US,Wisconsin
1003,Freddie Gillespie,PF,6-9,245,"June 14, 1997",us US,"Carleton College, Baylor"
1004,Hassani Gravett,PG,6-2,188,"July 16, 1996",us US,"Pensacola State, South Carolina"
1005,Khem Birch,C,6-9,233,"September 28, 1992",ca CA,"Pitt, UNLV"
1006,Robert Franks,PF,6-7,225,"December 18, 1996",us US,Washington State
1007,Karim Mane,PG,6-3,190,"May 16, 2000",sn SN,Vanier College
1008,Amile Jefferson,PF,6-9,222,"May 7, 1993",us US,Duke
1009,Vic Law,PF,6-7,200,"December 19, 1995",us US,Northwestern
1010,Josh Magette,PG,6-1,160,"November 28, 1989",us US,Alabama-Huntsville
1011,Isaiah Briscoe,PG,6-3,215,"April 13, 1996",us US,Kentucky
1012,Troy Caupain,PG,6-4,210,"November 29, 1995",us US,Cincinnati
1013,Jerian Grant,PG,6-4,205,"October 9, 1992",us US,Notre Dame
1014,Jarell Martin,PF,6-10,239,"May 24, 1994",us US,LSU
1015,Jonathon Simmons,SG,6-6,195,"September 14, 1989",us US,Houston
1016,Marcus Bagley,SF,6-8,215,"October 23, 2001",us US,Arizona State
1017,Adem Bona,C,6-10,235,"March 28, 2003",ng NG,UCLA
1018,Ricky Council IV,SF,6-6,205,"August 3, 2001",us US,"Wichita State, Arkansas"
1019,Justin Edwards,SF,6-6,203,"December 16, 2003",us US,Kentucky
1020,Joel Embiid,C,7-0,280,"March 16, 1994",cm CM,Kansas
1021,Tyrese Maxey,PG,6-2,200,"November 4, 2000",us US,Kentucky
1022,Jared McCain,SG,6-2,195,"February 20, 2004",us US,Duke
1023,Phillip Wheeler,PF,6-9,211,"April 23, 2002",us US,
1024,Furkan Korkmaz,SG,6-7,202,"July 24, 1997",tr TR,
1025,Filip Petrusev,C,6-11,234,"April 15, 2000",rs RS,Gonzaga
1026,Terquavion Smith,PG,6-4,165,"December 31, 2002",us US,NC State
1027,Julian Champagnie,SF,6-8,220,"June 29, 2001",us US,St. John's
1028,Michael Foster Jr.,PF,6-8,250,"January 16, 2003",us US,
1029,Matisse Thybulle,SF,6-5,201,"March 4, 1997",us US,Washington
1030,Charles Bassey,C,6-10,235,"October 28, 2000",ng NG,Western Kentucky
1031,Aaron Henry,SF,6-6,210,"August 30, 1999",us US,Michigan State
1032,Myles Powell,PG,6-2,195,"July 7, 1997",us US,Seton Hall
1033,Jonah Bolden,C,6-8,220,"January 2, 1996",au AU,UCLA
1034,Marial Shayok,SG,6-5,198,"July 26, 1995",ca CA,"Virginia, Iowa State"
1035,Zhaire Smith,SF,6-3,205,"June 4, 1999",us US,Texas Tech
1036,Corey Brewer,SF,6-9,186,"March 5, 1986",us US,Florida
1037,Demetrius Jackson,PG,6-1,201,"September 7, 1994",us US,Notre Dame
1038,Amir Johnson,C,6-9,240,"May 1, 1987",us US,
1039,Bradley Beal,SG,6-4,207,"June 28, 1993",us US,Florida
1040,Devin Booker,SG,6-6,206,"October 30, 1996",us US,Kentucky
1041,Jalen Bridges,SF,6-8,225,"May 14, 2001",us US,"West Virginia, Baylor"
1042,Ryan Dunn,SF,6-6,216,"January 7, 2003",us US,Virginia
1043,Oso Ighodaro,PF,6-10,235,"July 14, 2002",us US,Marquette
1044,Udoka Azubuike,C,6-10,280,"September 17, 1999",ng NG,Kansas
1045,Nassir Little,SF,6-5,220,"February 11, 2000",us US,UNC
1046,Ish Wainright,SF,6-6,250,"September 12, 1994",us US,Baylor
1047,Deandre Ayton,C,7-0,250,"July 23, 1998",bs BS,Arizona
1048,Paris Bass,SF,6-8,200,"August 29, 1995",us US,Detroit Mercy
1049,Gabriel Lundberg,SG,6-4,203,"December 4, 1994",dk DK,
1050,M.J. Walker,SG,6-5,213,"March 28, 1998",us US,Florida State
1051,Ty-Shon Alexander,SG,6-3,195,"July 16, 1998",us US,Creighton
1052,Elie Okobo,PG,6-3,190,"October 23, 1997",fr FR,
1053,Tariq Owens,PF,6-10,205,"June 30, 1995",us US,"Tennessee, St. John's, Texas Tech"
1054,Quincy Acy,PF,6-7,240,"October 6, 1990",us US,Baylor
1055,Jimmer Fredette,SG,6-2,195,"February 25, 1989",us US,BYU
1056,Eric Moreland,PF,6-10,238,"December 24, 1991",us US,Oregon State
1057,Deni Avdija,SF,6-9,210,"January 3, 2001",il IL,
1058,Toumani Camara,PF,6-8,220,"May 8, 2000",be BE,Dayton
1059,Sidy Cissoko,SF,6-8,200,"April 2, 2004",fr FR,
1060,Donovan Clingan,C,7-2,280,"February 23, 2004",us US,UConn
1061,Scoot Henderson,PG,6-3,202,"February 3, 2004",us US,
1062,Justin Minaya,SF,6-5,210,"March 26, 1999",us US,
1063,Taze Moore,SG,6-5,195,"June 29, 1998",us US,"Cal State-Bakersfield, Houston"
1064,Kris Murray,SF,6-8,220,"August 19, 2000",us US,Iowa
1065,Duop Reath,C,6-11,245,"June 26, 1996",ss SS,"Lee College, LSU"
1066,Rayan Rupert,SG,6-6,205,"May 31, 2004",fr FR,
1067,Shaedon Sharpe,SG,6-6,200,"May 30, 2003",ca CA,Kentucky
1068,Anfernee Simons,SG,6-3,181,"June 8, 1999",us US,
1069,Jabari Walker,SF,6-9,215,"July 30, 2002",us US,Colorado
1070,Ibou Badji,C,7-1,240,"October 13, 2002",sn SN,
1071,John Butler,C,7-0,175,"December 4, 2002",us US,Florida State
1072,Chance Comanche,C,6-10,210,"April 14, 1996",us US,Arizona
1073,Keljin Blevins,SF,6-4,200,"November 24, 1995",us US,"Southern Miss, Montana State"
1074,Jarron Cumberland,SG,6-5,205,"September 22, 1997",us US,Cincinnati
1075,CJ Elleby,SF,6-6,200,"June 16, 2000",us US,Washington State
1076,Elijah Hughes,SG,6-5,215,"March 10, 1998",us US,"Syracuse, East Carolina University"
1077,Cameron McGriff,SF,6-7,230,"September 30, 1997",us US,Oklahoma State
1078,Skal Labissiere,C,6-10,235,"March 18, 1996",ht HT,Kentucky
1079,Caleb Swanigan,PF,6-9,260,"April 18, 1997",us US,Purdue
1080,Wade Baldwin,PG,6-4,200,"March 29, 1996",us US,Vanderbilt
1081,Devin Carter,PG,6-2,195,"March 18, 2002",us US,"South Carolina, Providence"
1082,Isaiah Crawford,SF,6-6,220,"November 1, 2001",us US,Louisiana Tech
1083,Terence Davis,SG,6-4,201,"May 16, 1997",us US,Ole Miss
1084,Keon Ellis,SG,6-6,175,"January 8, 2000",us US,"Florida SouthWestern State College, Alabama"
1085,De'Aaron Fox,PG,6-3,185,"December 20, 1997",us US,Kentucky
1086,Colby Jones,SG,6-6,205,"May 28, 2002",us US,Xavier
1087,Isaac Jones,PF,6-8,245,"July 11, 2000",us US,"Wenatchee Valley College, Idaho, Washington State"
1088,Keegan Murray,PF,6-8,215,"August 19, 2000",us US,Iowa
1089,Jordan Ford,PG,6-1,175,"May 26, 1998",us US,Saint Mary's
1090,Jalen Slawson,SF,6-7,215,"October 22, 1999",us US,Furman University
1091,Sasha Vezenkov,PF,6-9,225,"August 6, 1995",cy CY,
1092,Chima Moneke,SF,6-6,222,"December 24, 1995",ng NG,"Northeast Community College, UC-Davis"
1093,Ade Murkey,SG,6-5,200,"January 29, 1998",us US,Denver
1094,Jahmi'us Ramsey,SG,6-3,190,"June 9, 2001",us US,Texas Tech
1095,Robert Woodard II,SF,6-6,235,"September 22, 1999",us US,Mississippi State
1096,Justin James,SF,6-7,190,"January 24, 1997",us US,Wyoming
1097,Eric Mika,C,6-10,230,"January 5, 1995",us US,BYU
1098,Kosta Koufos,C,7-0,245,"February 24, 1989",us US,Ohio State
1099,Troy Williams,SF,6-7,218,"December 30, 1994",us US,Indiana
1100,Malaki Branham,SG,6-4,180,"May 12, 2003",us US,Ohio State
1101,Stephon Castle,PG,6-6,215,"November 1, 2004",us US,UConn
1102,Harrison Ingram,SF,6-5,230,"November 27, 2002",us US,"Stanford, UNC"
1103,Keldon Johnson,SF,6-5,220,"October 11, 1999",us US,Kentucky
1104,Riley Minix,SF,6-7,230,"September 22, 2000",us US,"Southeastern University, Morehead State University"
1105,Jeremy Sochan,PF,6-8,230,"May 20, 2003",us US,Baylor
1106,Devin Vassell,SG,6-5,200,"August 23, 2000",us US,Florida State
1107,Victor Wembanyama,C,7-3,235,"January 4, 2004",fr FR,
1108,Blake Wesley,SG,6-5,185,"March 16, 2003",us US,Notre Dame
1109,Jordan Hall,SF,6-7,215,"January 14, 2002",us US,Saint Joseph's
1110,Jakob Poeltl,C,7-0,245,"October 15, 1995",at AT,Utah
1111,Joe Wieskamp,SG,6-6,212,"August 23, 1999",us US,Iowa
1112,Rudy Gay,PF,6-8,250,"August 17, 1986",us US,UConn
1113,Luka Samanic,PF,6-10,227,"January 9, 2000",hr HR,
1114,Marco Belinelli,SG,6-5,220,"March 25, 1986",it IT,
1115,Dante Cunningham,PF,6-8,230,"April 22, 1987",us US,Villanova
1116,Donatas Motiejunas,PF,7-0,222,"September 20, 1990",lt LT,
1117,Quincy Pondexter,SF,6-7,230,"March 10, 1988",us US,Washington
1118,Ochai Agbaji,SG,6-5,215,"April 20, 2000",us US,Kansas
1119,Scottie Barnes,PF,6-7,227,"August 1, 2001",us US,Florida State
1120,Jamison Battle,SF,6-7,220,"May 10, 2001",us US,"George Washington, Minnesota, Ohio State"
1121,Chris Boucher,PF,6-9,200,"January 11, 1993",lc LC,"New Mexico Junior College, Northwest College, Oregon"
1122,D.J. Carton,SG,6-2,200,"August 5, 2000",us US,"Ohio State, Marquette"
1123,Ulrich Chomche,PF,6-10,235,"December 30, 2005",cm CM,
1124,Gradey Dick,SG,6-6,205,"November 20, 2003",us US,Kansas
1125,Jonathan Mogbo,PF,6-9,225,"October 29, 2001",us US,"Missouri State, San Francisco"
1126,Jamal Shead,PG,6-0,200,"June 24, 2002",us US,Houston
1127,Ja'Kobe Walter,SG,6-5,180,"September 4, 2004",us US,Baylor
1128,Javon Freeman-Liberty,PG,6-4,180,"October 20, 1999",us US,"Valparaiso, DePaul"
1129,Mouhamadou Gueye,PF,6-9,210,"July 6, 1998",us US,"Monroe Community College, Stony Brook University, Pitt"
1130,Markquis Nowell,SG,5-8,160,"December 25, 1999",us US,"Little Rock, Kansas State"
1131,Malik Williams,C,6-11,250,"August 26, 1998",us US,Louisville
1132,David Johnson,SG,6-5,210,"February 26, 2001",us US,Louisville
1133,Jalen Harris,SG,6-5,195,"August 14, 1998",us US,"Nevada, Louisiana Tech"
1134,Dewan Hernandez,C,6-10,235,"December 9, 1996",us US,Miami (FL)
1135,Malcolm Miller,SF,6-7,210,"March 6, 1993",us US,Holy Cross
1136,Shamorie Ponds,PG,6-0,180,"June 29, 1998",us US,St. John's
1137,Lorenzo Brown,PG,6-5,189,"August 26, 1990",us US,NC State
1138,Jordan Loyd,PG,6-4,210,"July 27, 1993",us US,"Furman University, University of Indianapolis"
1139,Jodie Meeks,SG,6-4,210,"August 21, 1987",us US,Kentucky
1140,Malachi Richardson,SG,6-6,205,"January 5, 1996",us US,Syracuse
1141,Isaiah Collier,PG,6-3,210,"October 8, 2004",us US,USC
1142,Kyle Filipowski,C,6-11,250,"November 7, 2003",us US,Duke
1143,Keyonte George,PG,6-4,185,"November 8, 2003",us US,Baylor
1144,Elijah Harkless,SG,6-3,195,"February 3, 2000",us US,"Cal State Northridge, Oklahoma, UNLV"
1145,Taylor Hendricks,PF,6-9,210,"November 22, 2003",us US,Central Florida
1146,Johnny Juzang,SG,6-7,215,"March 17, 2001",us US,"Kentucky, UCLA"
1147,Walker Kessler,C,7-0,245,"July 26, 2001",us US,"UNC, Auburn"
1148,Brice Sensabaugh,SF,6-6,235,"October 30, 2003",us US,Ohio State
1149,Cody Williams,SG,6-7,190,"November 20, 2004",us US,Colorado
1150,Jarrell Brantley,PF,6-5,250,"June 7, 1996",us US,College of Charleston
1151,Miye Oni,SG,6-5,206,"August 4, 1997",us US,Yale
1152,Stanton Kidd,SG,6-6,215,"March 18, 1992",us US,"South Plains College, NC Central, Colorado State"
1153,Nigel Williams-Goss,PG,6-2,190,"September 16, 1994",us US,"Gonzaga, Washington"
1154,Justin Wright-Foreman,PG,6-0,190,"October 27, 1997",us US,Hofstra
1155,Tyler Cavanaugh,PF,6-9,238,"February 9, 1994",us US,George Washington
1156,Ekpe Udoh,C,6-10,245,"May 20, 1987",us US,"Michigan, Baylor"
1157,Bub Carrington,PG,6-4,190,"July 21, 2005",us US,Pitt
1158,Bilal Coulibaly,SF,6-8,195,"July 26, 2004",fr FR,
1159,Johnny Davis,SG,6-5,196,"February 27, 2002",us US,Wisconsin
1160,Kyshawn George,SG,6-7,200,"December 12, 2003",ch CH,Miami (FL)
1161,Anthony Gill,PF,6-7,230,"October 17, 1992",us US,"South Carolina, Virginia"
1162,Corey Kispert,SF,6-7,220,"March 3, 1999",us US,Gonzaga
1163,Alex Sarr,C,7-0,205,"April 26, 2005",fr FR,
1164,Tristan Vukcevic,C,6-10,223,"March 11, 2003",it IT,
1165,Jules Bernard,SG,6-7,210,"January 21, 2000",us US,UCLA
1166,Xavier Cooks,PF,6-8,183,"August 19, 1995",au AU,Winthrop University
1167,Jordan Schakel,SF,6-6,200,"June 13, 1998",us US,San Diego State
1168,Isaiah Todd,PF,6-10,220,"October 17, 2001",us US,
1169,Joel Ayayi,SG,6-5,180,"March 5, 2000",fr FR,Gonzaga
1170,Jaime Echenique,C,6-11,258,"April 27, 1997",co CO,"Trinity Valley CC, Wichita State"
1171,Craig Sword,SG,6-3,196,"January 16, 1994",us US,Mississippi State
1172,Cassius Winston,PG,6-1,185,"February 28, 1998",us US,Michigan State
1173,Anzejs Pasecniks,C,7-1,229,"December 20, 1995",lv LV,
1174,Ian Mahinmi,C,6-11,262,"November 5, 1986",fr FR,
1175,Devin Robinson,SF,6-8,200,"March 7, 1995",us US,Florida
1176,Okaro White,PF,6-8,205,"August 13, 1992",us US,Florida State
